Baby,Time,Status,Note
Baby,"1/13/26, 15:58",Mixed,
Baby,"1/10/26, 15:00",Dirty,
Baby,"1/10/26, 10:18",Dirty,
Baby,"1/8/26, 19:58",Dirty,
Baby,"1/8/26, 18:00",Dirty,
Baby,"1/7/26, 15:18",Dirty,
Baby,"1/3/26, 14:43",Dirty,
Baby,"12/29/25, 13:29",Dirty
Baby,"12/19/25, 16:30",Dirty
Baby,"12/18/25, 10:12",Mixed
Baby,"12/16/25, 08:48",Dirty
Baby,"12/16/25, 07:00",Wet,
Baby,"12/15/25, 12:08",Mixed
Baby,"12/15/25, 08:27",Mixed
Baby,"12/14/25, 15:49",Dirty
Baby,"12/14/25, 10:48",Dirty
Baby,"12/13/25, 10:12",Dirty,
Baby,"12/12/25, 08:00",Dirty,
Baby,"12/10/25, 13:18",Mixed
Baby,"12/9/25, 09:22",Mixed,
Baby,"12/7/25, 17:16",Mixed
Baby,"12/7/25, 01:15",Mixed,
Baby,"12/6/25, 18:23",Dirty,
Baby,"12/5/25, 12:23",Mixed,
Baby,"12/5/25, 01:13",Dirty,
Baby,"12/5/25, 01:09",Mixed,
Baby,"12/4/25, 09:57",Mixed,
Baby,"12/4/25, 08:13",Mixed
Baby,"12/3/25, 09:38",Mixed
Baby,"12/2/25, 07:25",Dirty
Baby,"12/2/25, 07:15",Wet
Baby,"12/1/25, 07:25",Mixed
Baby,"11/30/25, 10:57",Mixed,
Baby,"11/27/25, 07:16",Mixed,
Baby,"11/27/25, 06:25",Mixed,
Baby,"11/26/25, 02:31",Mixed,
Baby,"11/24/25, 16:20",Mixed,
Baby,"11/23/25, 16:54",Mixed,
Baby,"11/23/25, 16:13",Dirty,
Baby,"11/23/25, 15:21",Dirty
Baby,"11/21/25, 15:25",Mixed
Baby,"11/19/25, 19:04",Mixed
Baby,"11/17/25, 17:04",Mixed
Baby,"11/16/25, 09:34",Dirty
Baby,"11/14/25, 14:39",Mixed
Baby,"11/14/25, 07:10",Dirty
Baby,"11/14/25, 06:50",Wet
Baby,"11/11/25, 17:36",Mixed
Baby,"11/11/25, 12:19",Dirty
Baby,"11/7/25, 10:33",Mixed
Baby,"11/6/25, 11:49",Mixed
Baby,"11/5/25, 13:48",Dirty
Baby,"11/4/25, 15:16",Mixed
Baby,"11/3/25, 10:19",Mixed
Baby,"10/29/25, 18:10",Mixed
Baby,"10/28/25, 17:15",Mixed
Baby,"10/26/25, 19:40",Wet
Baby,"10/25/25, 10:26",Mixed
Baby,"10/24/25, 10:13",Mixed
Baby,"10/19/25, 14:38",Dirty
Baby,"10/17/25, 14:45",Dirty
Baby,"10/16/25, 11:26",Mixed
Baby,"10/12/25, 11:41",Dirty
Baby,"10/12/25, 11:38",Mixed
Baby,"10/10/25, 18:09",Dirty
Baby,"10/9/25, 17:44",Mixed
Baby,"10/5/25, 14:32",Dirty
Baby,"10/5/25, 14:06",Mixed
Baby,"10/3/25, 16:29",Mixed
Baby,"10/3/25, 09:13",Mixed
Baby,"9/30/25, 14:22",Mixed
Baby,"9/30/25, 11:30",Mixed
Baby,"9/29/25, 11:40",Dirty
Baby,"9/27/25, 16:26",Dirty
Baby,"9/27/25, 15:46",Dirty
Baby,"9/27/25, 08:27",Mixed
Baby,"9/18/25, 15:16",Dirty
Baby,"9/16/25, 15:07",Mixed
Baby,"9/16/25, 12:07",Mixed
Baby,"9/11/25, 18:40",Mixed
Baby,"9/7/25, 15:05",Mixed
Baby,"9/7/25, 11:42",Mixed
Baby,"9/6/25, 11:30",Mixed
Baby,"9/2/25, 12:23",Mixed
Baby,"8/31/25, 15:05",Mixed
Baby,"8/29/25, 17:52",Mixed
Baby,"8/25/25, 16:16",Mixed,
Baby,"8/19/25, 09:37",Dirty
Baby,"8/19/25, 09:11",Mixed
Baby,"8/17/25, 15:30",Dirty
Baby,"8/15/25, 15:16",Dirty
Baby,"8/15/25, 10:51",Dirty
Baby,"8/14/25, 12:25",Mixed
Baby,"8/13/25, 15:38",Mixed
Baby,"8/11/25, 13:21",Mixed
Baby,"8/11/25, 09:52",Dirty
Baby,"8/9/25, 13:35",Mixed
Baby,"8/9/25, 10:02",Mixed
Baby,"8/9/25, 08:05",Mixed
Baby,"8/6/25, 14:42",Dirty
Baby,"8/4/25, 12:21",Dirty
Baby,"8/3/25, 15:10",Mixed
Baby,"8/2/25, 09:53",Mixed
Baby,"7/31/25, 14:44",Mixed
Baby,"7/27/25, 06:53",Mixed
Baby,"7/26/25, 13:09",Mixed
Baby,"7/26/25, 06:55",Mixed
Baby,"7/22/25, 16:14",Mixed
Baby,"7/19/25, 12:21",Mixed
Baby,"7/17/25, 16:13",Mixed
Baby,"7/17/25, 08:12",Mixed
Baby,"7/16/25, 11:38",Dirty
Baby,"7/13/25, 18:37",Mixed
Baby,"7/11/25, 09:37",Mixed
Baby,"7/6/25, 07:14",Mixed
Baby,"6/29/25, 09:07",Mixed
Baby,"6/17/25, 13:20",Mixed
Baby,"6/15/25, 12:03",Mixed
Baby,"6/12/25, 15:07",Mixed
Baby,"6/10/25, 13:41",Dirty
Baby,"6/10/25, 13:17",Wet
Baby,"6/10/25, 10:39",Wet
Baby,"6/10/25, 07:40",Mixed
Baby,"6/8/25, 14:43",Dirty
Baby,"6/7/25, 16:11",Mixed
Baby,"6/3/25, 07:20",Mixed,
Baby,"6/3/25, 06:26",Wet
Baby,"6/2/25, 14:06",Mixed
Baby,"6/1/25, 14:37",Mixed
Baby,"6/1/25, 11:24",Mixed
Baby,"5/31/25, 07:18",Mixed
Baby,"5/31/25, 06:53",Wet
Baby,"5/28/25, 16:26",Mixed
Baby,"5/28/25, 06:23",Wet
Baby,"5/20/25, 19:29",Dirty
Baby,"5/18/25, 15:59",Mixed
Baby,"5/15/25, 07:11",Wet,
Baby,"5/14/25, 12:45",Mixed
Baby,"5/14/25, 07:09",Mixed
Baby,"5/14/25, 06:25",Wet
Baby,"5/13/25, 10:03",Wet
Baby,"5/12/25, 20:44",Wet
Baby,"5/12/25, 14:54",Mixed
Baby,"5/11/25, 19:10",Wet
Baby,"5/10/25, 18:22",Mixed,
Baby,"5/10/25, 15:20",Wet
Baby,"5/10/25, 12:17",Mixed,
Baby,"5/10/25, 09:00",Mixed,
Baby,"5/10/25, 04:56",Wet
Baby,"5/9/25, 20:09",Wet
Baby,"5/6/25, 20:34",Wet
Baby,"5/4/25, 15:31",Wet
Baby,"5/4/25, 09:44",Wet,
Baby,"5/4/25, 06:13",Wet
Baby,"5/3/25, 21:43",Wet
Baby,"5/2/25, 09:02",Wet
Baby,"5/1/25, 07:31",Wet,
Baby,"4/28/25, 13:56",Mixed
Baby,"4/27/25, 05:22",Wet
Baby,"4/26/25, 03:49",Wet
Baby,"4/25/25, 15:32",Wet
Baby,"4/25/25, 10:40",Wet
Baby,"4/25/25, 08:50",Dirty,
Baby,"4/25/25, 07:40",Wet,
Baby,"4/24/25, 07:19",Wet,
Baby,"4/23/25, 13:11",Dirty,
Baby,"4/23/25, 09:26",Wet,
Baby,"4/23/25, 05:46",Wet
Baby,"4/22/25, 11:54",Wet
Baby,"4/19/25, 16:49",Mixed
Baby,"4/19/25, 14:52",Wet
Baby,"4/15/25, 17:06",Mixed
Baby,"4/15/25, 13:28",Mixed
Baby,"4/13/25, 19:58",Mixed
Baby,"4/13/25, 17:54",Mixed
Baby,"4/13/25, 13:22",Mixed
Baby,"4/13/25, 12:37",Wet
Baby,"4/13/25, 08:08",Wet
Baby,"4/12/25, 16:02",Wet
Baby,"4/11/25, 12:48",Mixed
Baby,"4/11/25, 10:20",Wet
Baby,"4/11/25, 08:54",Wet
Baby,"4/10/25, 20:13",Wet
Baby,"4/10/25, 17:26",Mixed
Baby,"4/10/25, 14:46",Mixed
Baby,"4/10/25, 11:47",Mixed
Baby,"4/10/25, 10:08",Wet
Baby,"4/9/25, 15:18",Wet
Baby,"4/9/25, 12:18",Wet
Baby,"4/9/25, 10:27",Mixed
Baby,"4/8/25, 18:24",Wet
Baby,"4/8/25, 11:46",Mixed
Baby,"4/7/25, 19:31",Mixed
Baby,"4/7/25, 15:30",Wet
Baby,"4/7/25, 12:08",Wet
Baby,"4/6/25, 15:22",Mixed
Baby,"4/6/25, 10:29",Wet
Baby,"4/5/25, 20:43",Wet
Baby,"4/5/25, 20:02",Mixed
Baby,"4/5/25, 17:07",Mixed
Baby,"4/4/25, 07:43",Wet
Baby,"4/3/25, 21:24",Wet
Baby,"4/3/25, 16:20",Mixed
Baby,"4/3/25, 13:26",Mixed
Baby,"4/2/25, 16:21",Wet
Baby,"4/2/25, 13:33",Wet
Baby,"4/2/25, 11:55",Mixed
Baby,"4/1/25, 21:33",Wet
Baby,"4/1/25, 18:31",Mixed
Baby,"4/1/25, 16:02",Mixed
Baby,"4/1/25, 14:03",Mixed
Baby,"4/1/25, 08:39",Wet
Baby,"4/1/25, 07:35",Wet
Baby,"3/31/25, 15:19",Wet
Baby,"3/31/25, 12:40",Wet
Baby,"3/30/25, 07:46",Wet
Baby,"3/28/25, 12:10",Mixed
Baby,"3/28/25, 11:31",Wet
Baby,"3/27/25, 18:35",Mixed
Baby,"3/27/25, 16:08",Mixed
Baby,"3/27/25, 08:55",Mixed
Baby,"3/26/25, 10:04",Wet
Baby,"3/25/25, 18:14",Mixed
Baby,"3/25/25, 11:12",Mixed
Baby,"3/24/25, 14:29",Wet
Baby,"3/23/25, 17:18",Dry
Baby,"3/23/25, 16:20",Wet
Baby,"3/23/25, 14:47",Wet
Baby,"3/23/25, 09:04",Wet
Baby,"3/23/25, 07:40",Wet
Baby,"3/22/25, 20:16",Mixed
Baby,"3/22/25, 17:14",Wet
Baby,"3/22/25, 14:29",Wet
Baby,"3/22/25, 10:38",Wet
Baby,"3/22/25, 08:27",Wet
Baby,"3/21/25, 20:38",Wet
Baby,"3/21/25, 19:00",Wet
Baby,"3/21/25, 16:59",Wet
Baby,"3/21/25, 13:47",Mixed
Baby,"3/21/25, 13:25",Wet
Baby,"3/21/25, 11:01",Wet
Baby,"3/21/25, 09:09",Wet
Baby,"3/21/25, 07:25",Wet
Baby,"3/20/25, 20:52",Wet
Baby,"3/20/25, 13:34",Wet
Baby,"3/20/25, 12:04",Mixed
Baby,"3/20/25, 11:33",Wet
Baby,"3/19/25, 21:44",Wet
Baby,"3/18/25, 16:52",Wet
Baby,"3/18/25, 07:39",Wet
Baby,"3/17/25, 20:36",Wet
Baby,"3/17/25, 11:18",Mixed
Baby,"3/16/25, 17:04",Wet
Baby,"3/16/25, 14:48",Wet
Baby,"3/16/25, 12:19",Mixed
Baby,"3/16/25, 11:38",Wet
Baby,"3/16/25, 07:33",Wet
Baby,"3/14/25, 11:39",Wet
Baby,"3/14/25, 07:27",Wet
Baby,"3/13/25, 21:05",Wet
Baby,"3/13/25, 18:25",Wet
Baby,"3/13/25, 16:24",Mixed
Baby,"3/13/25, 14:51",Wet
Baby,"3/13/25, 10:30",Wet
Baby,"3/13/25, 08:50",Wet
Baby,"3/13/25, 07:13",Wet
Baby,"3/12/25, 20:43",Wet
Baby,"3/12/25, 19:42",Mixed
Baby,"3/12/25, 16:58",Wet
Baby,"3/12/25, 13:22",Mixed
Baby,"3/12/25, 12:59",Wet
Baby,"3/12/25, 10:35",Wet
Baby,"3/12/25, 07:54",Wet
Baby,"3/11/25, 20:47",Mixed
Baby,"3/11/25, 15:16",Wet
Baby,"3/11/25, 11:54",Mixed
Baby,"3/11/25, 09:33",Wet
Baby,"3/11/25, 08:16",Wet
Baby,"3/9/25, 20:39",Wet
Baby,"3/9/25, 15:50",Wet
Baby,"3/9/25, 13:02",Wet
Baby,"3/9/25, 08:48",Wet
Baby,"3/8/25, 19:33",Mixed
Baby,"3/8/25, 14:40",Mixed
Baby,"3/8/25, 13:55",Wet
Baby,"3/8/25, 09:23",Wet
Baby,"3/8/25, 07:17",Wet
Baby,"3/6/25, 17:55",Wet
Baby,"3/6/25, 14:59",Mixed
Baby,"3/6/25, 12:51",Wet
Baby,"3/6/25, 11:09",Mixed
Baby,"3/6/25, 10:29",Wet
Baby,"3/6/25, 08:37",Wet
Baby,"3/6/25, 01:09",Mixed,
Baby,"3/5/25, 19:48",Wet
Baby,"3/5/25, 17:42",Mixed
Baby,"3/5/25, 14:20",Mixed
Baby,"3/5/25, 11:59",Mixed
Baby,"3/5/25, 11:33",Mixed
Baby,"3/5/25, 09:19",Wet
Baby,"3/5/25, 08:08",Mixed
Baby,"3/5/25, 07:09",Wet
Baby,"3/4/25, 20:03",Wet
Baby,"3/4/25, 14:33",Wet
Baby,"3/4/25, 09:48",Wet
Baby,"3/4/25, 03:54",Wet
Baby,"3/3/25, 20:06",Wet
Baby,"3/3/25, 19:20",Mixed
Baby,"3/3/25, 17:19",Wet
Baby,"3/3/25, 11:52",Wet
Baby,"3/2/25, 12:48",Wet,
Baby,"3/1/25, 14:08",Wet
Baby,"3/1/25, 09:50",Wet
Baby,"3/1/25, 09:07",Wet
Baby,"3/1/25, 07:17",Wet
Baby,"3/1/25, 05:53",Wet
Baby,"2/28/25, 21:04",Wet
Baby,"2/28/25, 17:17",Mixed
Baby,"2/28/25, 15:46",Wet
Baby,"2/28/25, 13:28",Wet
Baby,"2/27/25, 20:12",Wet
Baby,"2/27/25, 16:44",Mixed
Baby,"2/27/25, 14:31",Wet
Baby,"2/27/25, 10:12",Mixed
Baby,"2/26/25, 20:22",Wet
Baby,"2/26/25, 12:50",Mixed
Baby,"2/26/25, 09:57",Wet
Baby,"2/26/25, 08:00",Wet
Baby,"2/25/25, 20:16",Wet
Baby,"2/25/25, 16:31",Mixed
Baby,"2/25/25, 14:10",Wet
Baby,"2/25/25, 11:35",Mixed
Baby,"2/25/25, 09:28",Wet
Baby,"2/25/25, 07:27",Wet
Baby,"2/24/25, 19:41",Wet
Baby,"2/24/25, 17:23",Wet,
Baby,"2/24/25, 12:56",Wet
Baby,"2/24/25, 09:18",Mixed
Baby,"2/24/25, 07:36",Mixed,
Baby,"2/23/25, 20:37",Wet
Baby,"2/23/25, 14:44",Wet
Baby,"2/23/25, 13:10",Wet,
Baby,"2/23/25, 07:29",Wet
Baby,"2/22/25, 21:04",Wet
Baby,"2/22/25, 17:59",Wet
Baby,"2/22/25, 16:34",Mixed
Baby,"2/22/25, 11:59",Wet
Baby,"2/22/25, 07:16",Wet
Baby,"2/21/25, 19:49",Wet
Baby,"2/21/25, 15:37",Mixed
Baby,"2/21/25, 11:40",Wet
Baby,"2/21/25, 07:15",Wet
Baby,"2/21/25, 00:04",Wet
Baby,"2/19/25, 18:58",Mixed
Baby,"2/19/25, 18:34",Wet
Baby,"2/19/25, 12:04",Wet
Baby,"2/19/25, 07:32",Mixed,
Baby,"2/19/25, 06:20",Wet,
Baby,"2/18/25, 20:51",Wet
Baby,"2/18/25, 15:58",Wet
Baby,"2/18/25, 14:23",Mixed
Baby,"2/18/25, 12:21",Mixed
Baby,"2/18/25, 10:59",Wet
Baby,"2/17/25, 21:01",Mixed
Baby,"2/17/25, 07:45",Wet,
Baby,"2/16/25, 19:50",Wet
Baby,"2/16/25, 17:04",Wet
Baby,"2/16/25, 13:48",Wet
Baby,"2/16/25, 11:33",Wet
Baby,"2/16/25, 09:40",Mixed
Baby,"2/16/25, 07:24",Wet,
Baby,"2/15/25, 19:19",Wet
Baby,"2/15/25, 12:25",Mixed
Baby,"2/15/25, 09:14",Wet
Baby,"2/15/25, 07:15",Wet,
Baby,"2/14/25, 19:49",Wet
Baby,"2/14/25, 13:27",Wet
Baby,"2/14/25, 10:48",Mixed
Baby,"2/14/25, 10:14",Wet
Baby,"2/14/25, 07:15",Wet,
Baby,"2/13/25, 07:05",Wet
Baby,"2/12/25, 20:09",Wet
Baby,"2/12/25, 11:42",Mixed,
Baby,"2/12/25, 08:43",Mixed,
Baby,"2/12/25, 07:41",Wet
Baby,"2/11/25, 19:49",Wet
Baby,"2/11/25, 16:46",Wet
Baby,"2/11/25, 13:55",Wet
Baby,"2/11/25, 10:40",Wet
Baby,"2/11/25, 08:10",Wet
Baby,"2/10/25, 18:40",Wet
Baby,"2/10/25, 15:50",Wet
Baby,"2/10/25, 13:47",Mixed
Baby,"2/10/25, 12:15",Dirty,
Baby,"2/10/25, 11:55",Wet,
Baby,"2/10/25, 09:46",Wet
Baby,"2/9/25, 19:24",Wet
Baby,"2/9/25, 14:59",Wet,
Baby,"2/9/25, 11:35",Mixed
Baby,"2/9/25, 07:30",Wet,
Baby,"2/8/25, 20:08",Wet
Baby,"2/8/25, 14:26",Wet
Baby,"2/8/25, 10:37",Dirty
Baby,"2/8/25, 10:36",Mixed
Baby,"2/8/25, 07:02",Mixed,
Baby,"2/7/25, 20:06",Wet
Baby,"2/7/25, 16:38",Mixed
Baby,"2/7/25, 12:57",Mixed
Baby,"2/7/25, 11:23",Wet
Baby,"2/7/25, 08:14",Wet
Baby,"2/7/25, 04:04",Wet
Baby,"2/6/25, 20:19",Mixed
Baby,"2/6/25, 16:47",Mixed
Baby,"2/6/25, 14:03",Mixed
Baby,"2/6/25, 10:21",Mixed
Baby,"2/6/25, 04:29",Wet
Baby,"2/5/25, 19:46",Dirty
Baby,"2/5/25, 19:34",Wet,
Baby,"2/5/25, 14:45",Mixed
Baby,"2/5/25, 12:54",Wet
Baby,"2/5/25, 10:52",Mixed
Baby,"2/5/25, 10:41",Wet
Baby,"2/5/25, 06:10",Wet,
Baby,"2/4/25, 19:13",Mixed
Baby,"2/4/25, 18:46",Wet
Baby,"2/4/25, 16:10",Mixed
Baby,"2/4/25, 14:34",Mixed,
Baby,"2/4/25, 10:48",Mixed
Baby,"2/4/25, 06:30",Mixed
Baby,"2/3/25, 20:26",Wet
Baby,"2/3/25, 17:30",Wet
Baby,"2/3/25, 15:29",Wet
Baby,"2/3/25, 13:01",Wet
Baby,"2/3/25, 07:33",Wet,
Baby,"2/2/25, 17:22",Mixed
Baby,"2/2/25, 15:10",Mixed
Baby,"2/2/25, 12:28",Mixed
Baby,"2/2/25, 11:03",Mixed
Baby,"2/2/25, 08:41",Dirty
Baby,"2/2/25, 08:30",Wet
Baby,"2/2/25, 05:08",Wet
Baby,"2/1/25, 19:21",Wet
Baby,"2/1/25, 17:13",Wet
Baby,"2/1/25, 14:58",Wet
Baby,"2/1/25, 12:49",Wet
Baby,"2/1/25, 10:28",Wet,
Baby,"2/1/25, 06:43",Wet,
Baby,"1/31/25, 18:34",Mixed
Baby,"1/31/25, 14:49",Mixed
Baby,"1/31/25, 11:01",Mixed
Baby,"1/31/25, 07:04",Dry,
Baby,"1/31/25, 07:00",Mixed
Baby,"1/30/25, 19:05",Mixed
Baby,"1/30/25, 15:44",Mixed
Baby,"1/30/25, 13:04",Wet
Baby,"1/30/25, 09:36",Wet
Baby,"1/30/25, 08:17",Wet
Baby,"1/29/25, 20:10",Wet
Baby,"1/29/25, 19:19",Wet
Baby,"1/29/25, 16:55",Wet
Baby,"1/29/25, 13:45",Wet
Baby,"1/29/25, 12:05",Mixed
Baby,"1/29/25, 10:15",Wet
Baby,"1/29/25, 07:18",Dirty
Baby,"1/29/25, 06:59",Mixed
Baby,"1/28/25, 23:50",Wet,
Baby,"1/28/25, 18:10",Wet
Baby,"1/28/25, 10:34",Dirty
Baby,"1/28/25, 10:30",Mixed
Baby,"1/28/25, 08:41",Wet,
Baby,"1/28/25, 06:46",Wet,
Baby,"1/27/25, 17:48",Mixed,
Baby,"1/27/25, 14:55",Wet
Baby,"1/27/25, 12:46",Dirty
Baby,"1/27/25, 12:25",Wet
Baby,"1/27/25, 10:59",Wet
Baby,"1/27/25, 09:01",Dirty,
Baby,"1/27/25, 08:22",Dirty,
Baby,"1/27/25, 02:10",Wet,
Baby,"1/26/25, 19:25",Mixed,
Baby,"1/26/25, 16:27",Wet
Baby,"1/26/25, 14:39",Mixed
Baby,"1/26/25, 12:14",Dirty
Baby,"1/26/25, 11:09",Wet,
Baby,"1/26/25, 07:51",Dirty,
Baby,"1/26/25, 07:41",Wet,
Baby,"1/25/25, 19:57",Dry
Baby,"1/25/25, 18:51",Wet
Baby,"1/25/25, 16:24",Dirty,
Baby,"1/25/25, 15:47",Wet,
Baby,"1/25/25, 11:15",Wet
Baby,"1/25/25, 07:26",Wet
Baby,"1/24/25, 18:38",Mixed
Baby,"1/24/25, 14:33",Wet
Baby,"1/24/25, 11:24",Dirty
Baby,"1/24/25, 10:16",Mixed
Baby,"1/24/25, 03:04",Mixed
Baby,"1/23/25, 18:30",Wet
Baby,"1/23/25, 17:11",Mixed
Baby,"1/23/25, 16:35",Wet
Baby,"1/23/25, 12:54",Wet
Baby,"1/23/25, 08:43",Wet
Baby,"1/22/25, 23:46",Dirty,
Baby,"1/22/25, 18:24",Wet,
Baby,"1/22/25, 17:03",Wet
Baby,"1/22/25, 12:53",Mixed,
Baby,"1/22/25, 10:18",Mixed
Baby,"1/22/25, 09:23",Mixed
Baby,"1/22/25, 04:45",Wet
Baby,"1/21/25, 19:13",Wet
Baby,"1/21/25, 16:17",Wet
Baby,"1/21/25, 13:43",Wet
Baby,"1/21/25, 13:00",Mixed
Baby,"1/21/25, 10:23",Mixed
Baby,"1/21/25, 08:52",Wet
Baby,"1/21/25, 05:56",Wet,
Baby,"1/20/25, 18:45",Wet
Baby,"1/20/25, 15:38",Wet
Baby,"1/20/25, 12:51",Mixed
Baby,"1/20/25, 11:02",Wet,
Baby,"1/20/25, 08:06",Wet,
Baby,"1/19/25, 19:10",Dirty
Baby,"1/19/25, 14:58",Dirty,
Baby,"1/19/25, 14:06",Wet
Baby,"1/19/25, 11:07",Mixed
Baby,"1/19/25, 09:42",Wet
Baby,"1/19/25, 06:10",Mixed
Baby,"1/18/25, 18:13",Wet
Baby,"1/18/25, 17:42",Wet
Baby,"1/18/25, 15:20",Mixed,
Baby,"1/18/25, 14:06",Wet
Baby,"1/18/25, 10:27",Wet
Baby,"1/18/25, 08:36",Wet,
Baby,"1/18/25, 06:52",Wet,
Baby,"1/17/25, 19:24",Mixed
Baby,"1/17/25, 16:58",Mixed
Baby,"1/17/25, 14:41",Wet
Baby,"1/17/25, 12:16",Mixed
Baby,"1/17/25, 09:57",Wet
Baby,"1/17/25, 07:00",Mixed
Baby,"1/16/25, 19:28",Wet
Baby,"1/16/25, 17:39",Mixed
Baby,"1/16/25, 15:22",Wet
Baby,"1/16/25, 13:39",Wet
Baby,"1/16/25, 11:08",Mixed
Baby,"1/16/25, 09:01",Wet,
Baby,"1/16/25, 06:59",Mixed,
Baby,"1/15/25, 19:16",Wet,
Baby,"1/15/25, 16:41",Mixed,
Baby,"1/15/25, 14:31",Wet
Baby,"1/15/25, 12:37",Mixed
Baby,"1/15/25, 10:37",Wet
Baby,"1/15/25, 06:58",Wet
Baby,"1/14/25, 19:08",Wet
Baby,"1/14/25, 17:51",Dirty
Baby,"1/14/25, 17:34",Wet
Baby,"1/14/25, 16:06",Wet
Baby,"1/14/25, 15:09",Wet
Baby,"1/14/25, 12:57",Mixed
Baby,"1/14/25, 10:49",Wet
Baby,"1/14/25, 08:01",Wet,
Baby,"1/14/25, 07:18",Wet
Baby,"1/13/25, 18:48",Mixed
Baby,"1/13/25, 16:39",Wet
Baby,"1/13/25, 14:55",Dirty,
Baby,"1/13/25, 14:26",Wet,
Baby,"1/13/25, 11:40",Wet
Baby,"1/13/25, 10:20",Mixed
Baby,"1/13/25, 07:56",Dirty,
Baby,"1/13/25, 07:25",Wet,
Baby,"1/13/25, 06:06",Mixed
Baby,"1/12/25, 19:18",Wet
Baby,"1/12/25, 15:02",Mixed
Baby,"1/12/25, 12:55",Wet
Baby,"1/12/25, 10:47",Mixed,
Baby,"1/12/25, 08:43",Wet
Baby,"1/12/25, 06:56",Wet
Baby,"1/11/25, 19:20",Wet
Baby,"1/11/25, 16:28",Mixed
Baby,"1/11/25, 15:09",Mixed
Baby,"1/11/25, 12:56",Mixed
Baby,"1/11/25, 09:34",Wet
Baby,"1/11/25, 08:07",Wet
Baby,"1/10/25, 19:23",Wet
Baby,"1/10/25, 18:00",Wet
Baby,"1/10/25, 16:18",Wet
Baby,"1/10/25, 15:03",Mixed
Baby,"1/10/25, 14:13",Wet
Baby,"1/10/25, 11:31",Mixed
Baby,"1/10/25, 08:00",Wet
Baby,"1/10/25, 05:52",Mixed
Baby,"1/9/25, 17:56",Mixed
Baby,"1/9/25, 15:53",Mixed
Baby,"1/9/25, 14:15",Wet
Baby,"1/9/25, 12:23",Wet
Baby,"1/9/25, 09:33",Wet,
Baby,"1/9/25, 07:13",Mixed,
Baby,"1/9/25, 01:00",Wet
Baby,"1/8/25, 17:05",Wet
Baby,"1/8/25, 14:31",Wet
Baby,"1/8/25, 12:46",Mixed
Baby,"1/8/25, 10:18",Mixed
Baby,"1/8/25, 07:28",Wet
Baby,"1/8/25, 03:26",Mixed
Baby,"1/7/25, 18:53",Wet
Baby,"1/7/25, 16:27",Wet
Baby,"1/7/25, 14:10",Mixed
Baby,"1/7/25, 10:49",Mixed
Baby,"1/7/25, 08:47",Mixed
Baby,"1/7/25, 07:45",Wet,
Baby,"1/7/25, 04:50",Wet
Baby,"1/6/25, 16:16",Mixed,
Baby,"1/6/25, 12:24",Wet
Baby,"1/6/25, 10:17",Mixed
Baby,"1/6/25, 08:44",Wet,
Baby,"1/6/25, 07:00",Wet,
Baby,"1/6/25, 04:38",Mixed
Baby,"1/6/25, 01:09",Mixed
Baby,"1/5/25, 18:22",Mixed
Baby,"1/5/25, 15:58",Wet
Baby,"1/5/25, 14:00",Wet
Baby,"1/5/25, 11:03",Wet
Baby,"1/5/25, 09:45",Wet
Baby,"1/5/25, 07:17",Wet,
Baby,"1/4/25, 23:47",Wet
Baby,"1/4/25, 19:18",Mixed
Baby,"1/4/25, 18:08",Wet
Baby,"1/4/25, 13:59",Wet
Baby,"1/4/25, 11:45",Mixed
Baby,"1/4/25, 10:35",Mixed
Baby,"1/4/25, 08:49",Dirty
Baby,"1/4/25, 07:04",Wet
Baby,"1/3/25, 23:46",Wet
Baby,"1/3/25, 16:40",Mixed
Baby,"1/3/25, 14:20",Mixed
Baby,"1/3/25, 12:20",Mixed,
Baby,"1/3/25, 09:08",Wet,
Baby,"1/3/25, 05:53",Mixed
Baby,"1/2/25, 20:46",Wet
Baby,"1/2/25, 19:35",Mixed,
Baby,"1/2/25, 19:31",Mixed
Baby,"1/2/25, 16:50",Wet
Baby,"1/2/25, 13:13",Wet
Baby,"1/2/25, 10:16",Wet
Baby,"1/2/25, 08:01",Dirty,
Baby,"1/2/25, 07:59",Dirty,
Baby,"1/2/25, 07:56",Wet,
Baby,"1/2/25, 06:49",Wet,
Baby,"1/2/25, 02:12",Mixed,
Baby,"1/1/25, 19:19",Mixed
Baby,"1/1/25, 17:19",Wet
Baby,"1/1/25, 17:19",Mixed
Baby,"1/1/25, 14:54",Wet
Baby,"1/1/25, 12:21",Mixed,
Baby,"1/1/25, 09:33",Mixed,
Baby,"1/1/25, 07:15",Wet,
Baby,"1/1/25, 06:05",Wet,
Baby,"12/31/24, 18:23",Dirty,
Baby,"12/31/24, 16:48",Wet
Baby,"12/31/24, 14:29",Mixed
Baby,"12/31/24, 12:59",Mixed
Baby,"12/31/24, 11:03",Mixed,
Baby,"12/31/24, 08:23",Wet,
Baby,"12/31/24, 06:54",Mixed,
Baby,"12/30/24, 20:35",Dry
Baby,"12/30/24, 19:41",Mixed
Baby,"12/30/24, 15:43",Wet
Baby,"12/30/24, 14:12",Wet
Baby,"12/30/24, 12:11",Wet
Baby,"12/30/24, 10:33",Mixed
Baby,"12/30/24, 07:18",Dirty,
Baby,"12/29/24, 19:29",Mixed
Baby,"12/29/24, 15:17",Wet
Baby,"12/29/24, 11:13",Mixed,
Baby,"12/29/24, 10:04",Dirty
Baby,"12/29/24, 10:04",Mixed
Baby,"12/29/24, 07:36",Mixed,
Baby,"12/29/24, 07:00",Wet
Baby,"12/28/24, 18:46",Wet
Baby,"12/28/24, 14:27",Mixed
Baby,"12/28/24, 11:00",Mixed
Baby,"12/28/24, 07:06",Mixed,
Baby,"12/28/24, 02:59",Mixed
Baby,"12/27/24, 19:46",Mixed
Baby,"12/27/24, 16:51",Wet,
Baby,"12/27/24, 14:48",Mixed
Baby,"12/27/24, 12:51",Wet
Baby,"12/27/24, 06:53",Wet
Baby,"12/27/24, 05:57",Wet
Baby,"12/26/24, 22:48",Dry
Baby,"12/26/24, 19:56",Mixed,
Baby,"12/26/24, 18:50",Dirty
Baby,"12/26/24, 17:41",Dirty,
Baby,"12/26/24, 15:14",Mixed
Baby,"12/26/24, 08:18",Mixed
Baby,"12/26/24, 06:21",Mixed
Baby,"12/25/24, 18:01",Wet,
Baby,"12/25/24, 17:22",Wet
Baby,"12/25/24, 15:09",Mixed
Baby,"12/25/24, 14:24",Wet
Baby,"12/25/24, 11:00",Mixed
Baby,"12/25/24, 08:30",Mixed
Baby,"12/25/24, 06:40",Mixed
Baby,"12/24/24, 20:19",Mixed,
Baby,"12/24/24, 17:31",Wet
Baby,"12/24/24, 16:13",Mixed
Baby,"12/24/24, 11:28",Mixed,
Baby,"12/24/24, 08:44",Wet,
Baby,"12/24/24, 07:04",Wet,
Baby,"12/24/24, 02:54",Mixed
Baby,"12/23/24, 15:54",Wet
Baby,"12/23/24, 12:20",Wet
Baby,"12/23/24, 08:07",Mixed
Baby,"12/23/24, 05:51",Wet
Baby,"12/22/24, 19:25",Mixed
Baby,"12/22/24, 17:25",Mixed,
Baby,"12/22/24, 15:05",Mixed
Baby,"12/22/24, 13:24",Mixed
Baby,"12/22/24, 10:50",Mixed
Baby,"12/22/24, 08:12",Mixed
Baby,"12/21/24, 20:50",Wet
Baby,"12/21/24, 19:32",Wet
Baby,"12/21/24, 17:10",Mixed,
Baby,"12/21/24, 14:40",Dirty
Baby,"12/21/24, 14:37",Wet
Baby,"12/21/24, 11:40",Wet
Baby,"12/21/24, 09:26",Mixed,
Baby,"12/21/24, 05:32",Mixed
Baby,"12/20/24, 20:43",Mixed
Baby,"12/20/24, 20:27",Mixed,
Baby,"12/20/24, 17:15",Mixed,
Baby,"12/20/24, 15:31",Mixed,
Baby,"12/20/24, 12:05",Mixed
Baby,"12/20/24, 11:10",Mixed
Baby,"12/20/24, 09:50",Wet
Baby,"12/20/24, 08:29",Mixed
Baby,"12/20/24, 01:11",Wet
Baby,"12/19/24, 19:14",Wet
Baby,"12/19/24, 17:19",Mixed
Baby,"12/19/24, 15:30",Mixed
Baby,"12/19/24, 12:54",Wet
Baby,"12/19/24, 11:30",Wet
Baby,"12/19/24, 09:57",Mixed
Baby,"12/19/24, 07:30",Wet
Baby,"12/19/24, 00:15",Mixed
Baby,"12/18/24, 13:51",Mixed
Baby,"12/18/24, 12:15",Wet
Baby,"12/18/24, 10:58",Mixed
Baby,"12/18/24, 10:16",Wet
Baby,"12/18/24, 07:20",Mixed
Baby,"12/18/24, 03:48",Mixed
Baby,"12/17/24, 17:18",Wet
Baby,"12/17/24, 16:29",Mixed
Baby,"12/17/24, 15:09",Wet
Baby,"12/17/24, 14:06",Mixed,
Baby,"12/17/24, 11:21",Wet
Baby,"12/17/24, 07:44",Wet
Baby,"12/17/24, 04:05",Wet
Baby,"12/16/24, 20:01",Wet
Baby,"12/16/24, 14:31",Mixed,
Baby,"12/16/24, 13:15",Wet
Baby,"12/16/24, 11:46",Mixed
Baby,"12/16/24, 10:23",Wet
Baby,"12/16/24, 08:58",Mixed,
Baby,"12/16/24, 01:26",Mixed,
Baby,"12/15/24, 18:01",Wet
Baby,"12/15/24, 15:47",Mixed
Baby,"12/15/24, 13:30",Mixed
Baby,"12/15/24, 11:06",Wet
Baby,"12/15/24, 09:37",Mixed,
Baby,"12/15/24, 07:40",Mixed,
Baby,"12/15/24, 02:00",Wet
Baby,"12/14/24, 21:08",Wet
Baby,"12/14/24, 18:41",Mixed
Baby,"12/14/24, 16:49",Mixed
Baby,"12/14/24, 13:57",Mixed
Baby,"12/14/24, 10:48",Mixed
Baby,"12/14/24, 10:33",Dirty
Baby,"12/14/24, 08:15",Wet,
Baby,"12/14/24, 00:23",Wet
Baby,"12/13/24, 18:24",Mixed
Baby,"12/13/24, 17:00",Mixed
Baby,"12/13/24, 14:24",Mixed,
Baby,"12/13/24, 12:12",Mixed,
Baby,"12/13/24, 10:17",Mixed
Baby,"12/13/24, 09:37",Wet
Baby,"12/13/24, 07:09",Mixed
Baby,"12/13/24, 06:35",Mixed,
Baby,"12/13/24, 00:16",Wet
Baby,"12/12/24, 19:13",Wet
Baby,"12/12/24, 18:37",Mixed
Baby,"12/12/24, 13:55",Wet
Baby,"12/12/24, 10:49",Mixed
Baby,"12/12/24, 10:09",Dirty
Baby,"12/12/24, 09:32",Wet
Baby,"12/12/24, 07:40",Mixed
Baby,"12/12/24, 04:41",Mixed
Baby,"12/12/24, 02:01",Dirty,
Baby,"12/12/24, 01:42",Wet
Baby,"12/11/24, 20:35",Wet
Baby,"12/11/24, 15:11",Wet,
Baby,"12/11/24, 11:28",Mixed,
Baby,"12/11/24, 09:52",Wet
Baby,"12/11/24, 04:26",Wet
Baby,"12/11/24, 00:36",Wet
Baby,"12/10/24, 20:06",Mixed
Baby,"12/10/24, 17:49",Wet,
Baby,"12/10/24, 16:15",Mixed
Baby,"12/10/24, 14:19",Mixed
Baby,"12/10/24, 12:35",Mixed
Baby,"12/10/24, 11:06",Dirty
Baby,"12/10/24, 08:07",Wet
Baby,"12/10/24, 05:19",Mixed,
Baby,"12/9/24, 23:26",Wet
Baby,"12/9/24, 20:24",Wet
Baby,"12/9/24, 16:23",Dirty,
Baby,"12/9/24, 13:11",Mixed,
Baby,"12/9/24, 11:47",Wet
Baby,"12/9/24, 07:59",Wet
Baby,"12/9/24, 03:29",Dirty
Baby,"12/9/24, 03:03",Dry
Baby,"12/8/24, 20:03",Mixed
Baby,"12/8/24, 17:48",Wet
Baby,"12/8/24, 13:25",Mixed
Baby,"12/8/24, 12:11",Mixed
Baby,"12/8/24, 11:03",Wet
Baby,"12/8/24, 10:00",Dirty
Baby,"12/8/24, 09:48",Wet,
Baby,"12/8/24, 05:47",Wet
Baby,"12/8/24, 02:07",Wet,
Baby,"12/7/24, 20:33",Wet
Baby,"12/7/24, 19:11",Mixed
Baby,"12/7/24, 11:39",Mixed,
Baby,"12/7/24, 10:10",Mixed
Baby,"12/7/24, 09:48",Wet
Baby,"12/7/24, 06:37",Wet
Baby,"12/6/24, 23:58",Wet
Baby,"12/6/24, 17:35",Mixed
Baby,"12/6/24, 14:59",Wet
Baby,"12/6/24, 13:50",Dirty
Baby,"12/6/24, 13:39",Mixed
Baby,"12/6/24, 10:04",Mixed
Baby,"12/6/24, 08:05",Wet
Baby,"12/6/24, 06:24",Mixed
Baby,"12/5/24, 23:30",Wet
Baby,"12/5/24, 16:25",Mixed
Baby,"12/5/24, 12:42",Mixed
Baby,"12/5/24, 11:21",Wet
Baby,"12/5/24, 08:26",Wet
Baby,"12/5/24, 06:53",Wet
Baby,"12/4/24, 23:13",Wet
Baby,"12/4/24, 19:52",Wet
Baby,"12/4/24, 16:04",Mixed
Baby,"12/4/24, 15:29",Dirty
Baby,"12/4/24, 14:08",Mixed
Baby,"12/4/24, 11:17",Wet
Baby,"12/4/24, 09:52",Wet
Baby,"12/4/24, 07:20",Dirty
Baby,"12/4/24, 06:43",Mixed
Baby,"12/4/24, 01:08",Wet
Baby,"12/3/24, 12:49",Dirty
Baby,"12/3/24, 11:48",Wet
Baby,"12/3/24, 11:25",Wet
Baby,"12/3/24, 09:00",Mixed,
Baby,"12/3/24, 04:47",Wet
Baby,"12/3/24, 01:14",Wet
Baby,"12/2/24, 17:24",Dirty
Baby,"12/2/24, 17:10",Mixed
Baby,"12/2/24, 14:30",Mixed,
Baby,"12/2/24, 14:10",Mixed,
Baby,"12/2/24, 10:07",Mixed,
Baby,"12/2/24, 08:13",Wet
Baby,"12/2/24, 06:37",Wet
Baby,"12/1/24, 18:44",Mixed
Baby,"12/1/24, 17:25",Wet
Baby,"12/1/24, 16:24",Wet
Baby,"12/1/24, 13:44",Mixed
Baby,"12/1/24, 10:50",Mixed
Baby,"12/1/24, 08:18",Wet
Baby,"12/1/24, 07:27",Wet
Baby,"11/30/24, 23:49",Wet,
Baby,"11/30/24, 19:31",Dirty
Baby,"11/30/24, 18:31",Dirty,
Baby,"11/30/24, 18:02",Wet
Baby,"11/30/24, 16:21",Wet
Baby,"11/30/24, 16:21",Mixed
Baby,"11/30/24, 13:34",Dirty,
Baby,"11/30/24, 11:16",Mixed,
Baby,"11/30/24, 09:01",Wet
Baby,"11/30/24, 07:25",Wet
Baby,"11/30/24, 06:14",Wet
Baby,"11/30/24, 02:02",Wet,
Baby,"11/29/24, 17:44",Dirty
Baby,"11/29/24, 15:29",Wet
Baby,"11/29/24, 14:21",Mixed
Baby,"11/29/24, 11:16",Mixed,
Baby,"11/29/24, 10:33",Wet
Baby,"11/29/24, 08:28",Wet
Baby,"11/29/24, 07:34",Wet
Baby,"11/29/24, 02:44",Wet,
Baby,"11/28/24, 23:06",Wet,
Baby,"11/28/24, 15:34",Wet,
Baby,"11/28/24, 12:49",Wet
Baby,"11/28/24, 10:52",Mixed
Baby,"11/28/24, 08:11",Wet,
Baby,"11/28/24, 06:00",Wet,
Baby,"11/28/24, 02:06",Wet,
Baby,"11/27/24, 19:33",Wet
Baby,"11/27/24, 14:20",Wet
Baby,"11/27/24, 13:21",Mixed
Baby,"11/27/24, 11:24",Wet
Baby,"11/27/24, 08:52",Mixed
Baby,"11/27/24, 07:30",Mixed
Baby,"11/27/24, 03:50",Mixed,
Baby,"11/26/24, 19:33",Wet,
Baby,"11/26/24, 16:43",Wet
Baby,"11/26/24, 15:38",Wet
Baby,"11/26/24, 12:55",Wet
Baby,"11/26/24, 12:09",Mixed
Baby,"11/26/24, 10:13",Mixed
Baby,"11/26/24, 07:20",Wet
Baby,"11/26/24, 02:27",Wet
Baby,"11/25/24, 22:40",Mixed
Baby,"11/25/24, 18:29",Dirty
Baby,"11/25/24, 18:13",Wet
Baby,"11/25/24, 17:22",Dirty,
Baby,"11/25/24, 16:05",Mixed
Baby,"11/25/24, 15:41",Wet
Baby,"11/25/24, 13:13",Wet
Baby,"11/25/24, 11:49",Mixed
Baby,"11/25/24, 05:13",Mixed,
Baby,"11/25/24, 01:39",Mixed
Baby,"11/24/24, 17:51",Wet
Baby,"11/24/24, 15:55",Wet
Baby,"11/24/24, 14:29",Wet
Baby,"11/24/24, 12:19",Mixed
Baby,"11/24/24, 11:08",Mixed,
Baby,"11/24/24, 09:56",Mixed,
Baby,"11/24/24, 07:15",Wet,
Baby,"11/24/24, 00:45",Wet
Baby,"11/23/24, 17:29",Wet
Baby,"11/23/24, 14:56",Mixed,
Baby,"11/23/24, 14:12",Mixed,
Baby,"11/23/24, 11:52",Mixed
Baby,"11/23/24, 11:24",Mixed
Baby,"11/23/24, 10:00",Mixed
Baby,"11/23/24, 07:54",Wet,
Baby,"11/23/24, 03:56",Wet
Baby,"11/22/24, 19:17",Dry
Baby,"11/22/24, 16:44",Dirty,
Baby,"11/22/24, 16:26",Wet,
Baby,"11/22/24, 14:50",Dirty
Baby,"11/22/24, 14:22",Wet
Baby,"11/22/24, 12:01",Mixed,
Baby,"11/22/24, 09:29",Wet,
Baby,"11/22/24, 08:27",Wet,
Baby,"11/22/24, 04:54",Mixed,
Baby,"11/21/24, 23:29",Wet,
Baby,"11/21/24, 17:48",Mixed,
Baby,"11/21/24, 17:03",Mixed
Baby,"11/21/24, 16:44",Wet
Baby,"11/21/24, 15:46",Mixed
Baby,"11/21/24, 14:13",Wet
Baby,"11/21/24, 12:39",Wet
Baby,"11/21/24, 10:12",Dirty,
Baby,"11/21/24, 09:41",Wet,
Baby,"11/21/24, 08:35",Wet,
Baby,"11/21/24, 06:08",Wet
Baby,"11/21/24, 00:35",Wet
Baby,"11/20/24, 16:35",Mixed,
Baby,"11/20/24, 15:15",Mixed,
Baby,"11/20/24, 14:45",Wet,
Baby,"11/20/24, 13:55",Mixed,
Baby,"11/20/24, 10:46",Mixed
Baby,"11/20/24, 09:43",Wet
Baby,"11/20/24, 07:24",Mixed,
Baby,"11/20/24, 04:22",Mixed
Baby,"11/19/24, 19:50",Wet
Baby,"11/19/24, 17:01",Mixed
Baby,"11/19/24, 15:40",Wet
Baby,"11/19/24, 14:15",Dirty,
Baby,"11/19/24, 14:05",Wet
Baby,"11/19/24, 14:05",Wet
Baby,"11/19/24, 12:41",Mixed
Baby,"11/19/24, 11:01",Wet,
Baby,"11/19/24, 10:02",Mixed
Baby,"11/19/24, 09:27",Wet
Baby,"11/19/24, 07:26",Wet
Baby,"11/18/24, 21:52",Wet,
Baby,"11/18/24, 18:19",Mixed,
Baby,"11/18/24, 13:52",Dirty,
Baby,"11/18/24, 13:48",Mixed,
Baby,"11/18/24, 13:47",Mixed
Baby,"11/18/24, 10:36",Mixed,
Baby,"11/18/24, 09:20",Mixed,
Baby,"11/18/24, 08:31",Mixed
Baby,"11/18/24, 07:05",Wet
Baby,"11/18/24, 02:05",Mixed
Baby,"11/17/24, 20:42",Wet
Baby,"11/17/24, 16:17",Wet,
Baby,"11/17/24, 15:05",Mixed
Baby,"11/17/24, 13:31",Mixed
Baby,"11/17/24, 12:57",Dirty
Baby,"11/17/24, 12:43",Wet
Baby,"11/17/24, 09:48",Dirty,
Baby,"11/17/24, 08:41",Mixed,
Baby,"11/17/24, 07:10",Wet
Baby,"11/17/24, 02:35",Mixed
Baby,"11/16/24, 20:22",Wet
Baby,"11/16/24, 14:22",Mixed
Baby,"11/16/24, 12:36",Wet,
Baby,"11/16/24, 11:29",Mixed,
Baby,"11/16/24, 10:42",Wet
Baby,"11/16/24, 09:08",Mixed,
Baby,"11/16/24, 07:30",Mixed,
Baby,"11/16/24, 04:32",Mixed
Baby,"11/16/24, 04:17",Mixed
Baby,"11/15/24, 18:27",Wet
Baby,"11/15/24, 15:42",Wet
Baby,"11/15/24, 13:46",Dirty,
Baby,"11/15/24, 13:40",Wet,
Baby,"11/15/24, 12:30",Mixed,
Baby,"11/15/24, 09:54",Mixed,
Baby,"11/15/24, 09:37",Mixed
Baby,"11/15/24, 08:31",Wet
Baby,"11/15/24, 06:46",Wet
Baby,"11/15/24, 03:54",Mixed
Baby,"11/14/24, 23:19",Wet,
Baby,"11/14/24, 16:13",Wet
Baby,"11/14/24, 14:12",Dirty,
Baby,"11/14/24, 13:05",Mixed
Baby,"11/14/24, 11:05",Mixed
Baby,"11/14/24, 09:59",Mixed
Baby,"11/14/24, 08:50",Wet
Baby,"11/14/24, 05:04",Dirty
Baby,"11/14/24, 04:35",Mixed
Baby,"11/13/24, 23:42",Wet
Baby,"11/13/24, 19:18",Wet,
Baby,"11/13/24, 17:37",Mixed
Baby,"11/13/24, 17:37",Wet
Baby,"11/13/24, 16:38",Mixed
Baby,"11/13/24, 14:49",Wet,
Baby,"11/13/24, 10:46",Wet
Baby,"11/13/24, 10:46",Mixed
Baby,"11/13/24, 07:27",Mixed,
Baby,"11/13/24, 01:13",Wet
Baby,"11/12/24, 17:22",Wet
Baby,"11/12/24, 15:03",Mixed
Baby,"11/12/24, 13:26",Mixed,
Baby,"11/12/24, 12:29",Mixed,
Baby,"11/12/24, 08:47",Mixed
Baby,"11/12/24, 06:23",Mixed
Baby,"11/12/24, 02:49",Mixed,
Baby,"11/11/24, 22:58",Wet
Baby,"11/11/24, 18:15",Mixed
Baby,"11/11/24, 14:30",Mixed,
Baby,"11/11/24, 13:53",Mixed
Baby,"11/11/24, 09:29",Dirty,
Baby,"11/11/24, 09:28",Dirty,
Baby,"11/11/24, 08:50",Dirty
Baby,"11/11/24, 08:28",Wet
Baby,"11/11/24, 06:51",Wet
Baby,"11/11/24, 06:22",Wet
Baby,"11/11/24, 04:13",Mixed
Baby,"11/10/24, 19:35",Mixed
Baby,"11/10/24, 16:01",Mixed,
Baby,"11/10/24, 15:40",Mixed
Baby,"11/10/24, 14:04",Wet,
Baby,"11/10/24, 11:44",Mixed
Baby,"11/10/24, 08:28",Mixed,
Baby,"11/10/24, 07:00",Mixed,
Baby,"11/10/24, 05:30",Mixed,
Baby,"11/10/24, 03:02",Mixed,
Baby,"11/9/24, 23:46",Mixed
Baby,"11/9/24, 14:47",Mixed,
Baby,"11/9/24, 13:25",Wet
Baby,"11/9/24, 13:02",Wet
Baby,"11/9/24, 09:00",Wet,
Baby,"11/9/24, 08:59",Mixed,
Baby,"11/9/24, 08:30",Mixed,
Baby,"11/9/24, 07:00",Wet
Baby,"11/8/24, 21:18",Mixed
Baby,"11/8/24, 09:50",Mixed
Baby,"11/8/24, 08:54",Wet
Baby,"11/8/24, 05:01",Mixed
Baby,"11/8/24, 01:39",Mixed
Baby,"11/7/24, 19:09",Wet
Baby,"11/7/24, 18:25",Mixed,
Baby,"11/7/24, 11:29",Mixed,
Baby,"11/7/24, 10:19",Wet
Baby,"11/7/24, 09:22",Mixed,
Baby,"11/7/24, 07:11",Mixed
Baby,"11/7/24, 03:23",Mixed
Baby,"11/6/24, 22:07",Wet,
Baby,"11/6/24, 16:52",Mixed
Baby,"11/6/24, 12:34",Mixed,
Baby,"11/6/24, 10:08",Dirty
Baby,"11/6/24, 10:00",Mixed,
Baby,"11/6/24, 09:03",Wet,
Baby,"11/6/24, 03:22",Dirty
Baby,"11/6/24, 02:58",Wet
Baby,"11/5/24, 18:20",Wet,
Baby,"11/5/24, 15:57",Mixed,
Baby,"11/5/24, 14:27",Mixed,
Baby,"11/5/24, 12:28",Mixed,
Baby,"11/5/24, 02:20",Wet
Baby,"11/4/24, 13:15",Mixed
Baby,"11/4/24, 11:22",Mixed,
Baby,"11/4/24, 07:23",Mixed,
Baby,"11/4/24, 06:32",Wet
Baby,"11/4/24, 01:53",Wet,
Baby,"11/3/24, 16:24",Wet
Baby,"11/3/24, 15:47",Dirty
Baby,"11/3/24, 15:10",Mixed
Baby,"11/3/24, 15:00",Wet,
Baby,"11/3/24, 13:54",Dirty
Baby,"11/3/24, 13:35",Wet
Baby,"11/3/24, 11:42",Mixed,
Baby,"11/3/24, 09:57",Wet
Baby,"11/3/24, 08:07",Mixed
Baby,"11/3/24, 07:04",Mixed
Baby,"11/3/24, 03:25",Wet,
Baby,"11/2/24, 20:26",Dirty
Baby,"11/2/24, 20:20",Mixed
Baby,"11/2/24, 17:15",Mixed
Baby,"11/2/24, 15:46",Mixed
Baby,"11/2/24, 15:20",Wet
Baby,"11/2/24, 12:12",Wet
Baby,"11/2/24, 08:47",Dirty
Baby,"11/2/24, 08:25",Wet
Baby,"11/2/24, 03:07",Wet,
Baby,"11/1/24, 20:28",Dirty
Baby,"11/1/24, 20:05",Mixed,
Baby,"11/1/24, 18:36",Dirty
Baby,"11/1/24, 18:36",Wet
Baby,"11/1/24, 16:52",Mixed,
Baby,"11/1/24, 16:15",Mixed
Baby,"11/1/24, 13:43",Dirty,
Baby,"11/1/24, 13:38",Mixed,
Baby,"11/1/24, 10:33",Wet
Baby,"11/1/24, 08:45",Mixed,
Baby,"11/1/24, 08:10",Wet
Baby,"11/1/24, 04:45",Wet,
Baby,"10/31/24, 20:00",Mixed
Baby,"10/31/24, 18:24",Mixed,
Baby,"10/31/24, 15:44",Mixed
Baby,"10/31/24, 14:34",Mixed,
Baby,"10/31/24, 13:05",Dirty
Baby,"10/31/24, 12:25",Wet
Baby,"10/31/24, 10:21",Mixed
Baby,"10/31/24, 09:16",Mixed
Baby,"10/31/24, 08:20",Wet
Baby,"10/31/24, 03:41",Mixed
Baby,"10/30/24, 20:40",Mixed,
Baby,"10/30/24, 18:17",Wet
Baby,"10/30/24, 15:44",Mixed,
Baby,"10/30/24, 14:16",Wet,
Baby,"10/30/24, 13:02",Wet,
Baby,"10/30/24, 12:06",Mixed,
Baby,"10/30/24, 10:09",Wet
Baby,"10/30/24, 08:17",Mixed,
Baby,"10/29/24, 20:36",Wet,
Baby,"10/29/24, 17:02",Dirty,
Baby,"10/29/24, 16:30",Wet
Baby,"10/29/24, 14:50",Mixed
Baby,"10/29/24, 14:06",Wet,
Baby,"10/29/24, 13:03",Dirty,
Baby,"10/29/24, 12:39",Mixed,
Baby,"10/29/24, 09:45",Mixed,
Baby,"10/29/24, 06:56",Mixed,
Baby,"10/29/24, 05:19",Wet
Baby,"10/28/24, 20:42",Wet
Baby,"10/28/24, 18:50",Wet,
Baby,"10/28/24, 17:45",Dirty
Baby,"10/28/24, 17:30",Wet
Baby,"10/28/24, 12:45",Dirty,
Baby,"10/28/24, 12:37",Mixed
Baby,"10/28/24, 11:00",Wet
Baby,"10/28/24, 10:26",Mixed
Baby,"10/28/24, 07:49",Mixed
Baby,"10/28/24, 07:15",Wet
Baby,"10/28/24, 02:02",Wet
Baby,"10/27/24, 20:18",Wet
Baby,"10/27/24, 18:26",Mixed
Baby,"10/27/24, 17:26",Mixed
Baby,"10/27/24, 15:45",Wet
Baby,"10/27/24, 14:19",Mixed
Baby,"10/27/24, 13:58",Mixed
Baby,"10/27/24, 12:25",Wet,
Baby,"10/27/24, 09:11",Dirty
Baby,"10/27/24, 08:34",Mixed
Baby,"10/27/24, 05:00",Dirty
Baby,"10/27/24, 04:53",Wet
Baby,"10/26/24, 19:53",Wet,
Baby,"10/26/24, 17:32",Mixed,
Baby,"10/26/24, 15:27",Mixed
Baby,"10/26/24, 14:30",Wet
Baby,"10/26/24, 14:00",Wet
Baby,"10/26/24, 12:56",Mixed,
Baby,"10/26/24, 11:18",Mixed
Baby,"10/26/24, 09:15",Wet
Baby,"10/26/24, 04:44",Mixed
Baby,"10/25/24, 19:00",Wet,
Baby,"10/25/24, 16:30",Mixed,
Baby,"10/25/24, 14:28",Mixed
Baby,"10/25/24, 12:46",Mixed,
Baby,"10/25/24, 11:12",Mixed,
Baby,"10/25/24, 10:27",Mixed,
Baby,"10/25/24, 06:42",Wet,
Baby,"10/25/24, 03:09",Mixed
Baby,"10/24/24, 19:43",Wet
Baby,"10/24/24, 18:17",Mixed,
Baby,"10/24/24, 17:21",Wet
Baby,"10/24/24, 13:49",Mixed
Baby,"10/24/24, 12:26",Mixed,
Baby,"10/24/24, 11:32",Mixed
Baby,"10/24/24, 10:07",Mixed
Baby,"10/24/24, 08:44",Wet
Baby,"10/24/24, 05:10",Wet
Baby,"10/23/24, 20:17",Wet
Baby,"10/23/24, 19:00",Mixed
Baby,"10/23/24, 17:15",Mixed
Baby,"10/23/24, 13:27",Mixed
Baby,"10/23/24, 10:50",Mixed
Baby,"10/23/24, 09:57",Mixed,
Baby,"10/23/24, 07:20",Dirty
Baby,"10/23/24, 05:38",Mixed,
Baby,"10/23/24, 01:38",Dirty,
Baby,"10/23/24, 01:28",Dirty
Baby,"10/23/24, 01:01",Wet,
Baby,"10/22/24, 19:20",Wet,
Baby,"10/22/24, 17:29",Wet
Baby,"10/22/24, 15:15",Wet
Baby,"10/22/24, 14:01",Mixed
Baby,"10/22/24, 13:20",Mixed,
Baby,"10/22/24, 12:19",Mixed,
Baby,"10/22/24, 10:45",Wet
Baby,"10/22/24, 08:23",Mixed,
Baby,"10/22/24, 05:02",Mixed
Baby,"10/22/24, 02:00",Wet,
Baby,"10/21/24, 20:00",Mixed
Baby,"10/21/24, 18:37",Wet
Baby,"10/21/24, 17:06",Dirty,
Baby,"10/21/24, 16:54",Wet,
Baby,"10/21/24, 14:20",Mixed,
Baby,"10/21/24, 12:50",Mixed
Baby,"10/21/24, 12:20",Mixed
Baby,"10/21/24, 10:18",Mixed
Baby,"10/21/24, 04:49",Mixed
Baby,"10/21/24, 04:33",Dirty
Baby,"10/21/24, 04:33",Wet
Baby,"10/21/24, 01:32",Wet
Baby,"10/20/24, 18:30",Mixed,
Baby,"10/20/24, 17:48",Mixed
Baby,"10/20/24, 15:01",Mixed
Baby,"10/20/24, 13:33",Wet
Baby,"10/20/24, 12:39",Wet,
Baby,"10/20/24, 08:57",Wet,
Baby,"10/20/24, 06:44",Wet
Baby,"10/20/24, 03:07",Wet
Baby,"10/19/24, 21:49",Wet,
Baby,"10/19/24, 19:41",Mixed,
Baby,"10/19/24, 17:44",Mixed
Baby,"10/19/24, 15:00",Mixed,
Baby,"10/19/24, 13:40",Mixed,
Baby,"10/19/24, 12:30",Wet
Baby,"10/19/24, 09:58",Mixed,
Baby,"10/19/24, 09:23",Wet
Baby,"10/19/24, 07:59",Mixed,
Baby,"10/19/24, 06:52",Mixed,
Baby,"10/19/24, 04:04",Mixed,
Baby,"10/18/24, 21:02",Wet
Baby,"10/18/24, 19:20",Mixed,
Baby,"10/18/24, 15:44",Wet
Baby,"10/18/24, 14:02",Mixed
Baby,"10/18/24, 12:57",Wet,
Baby,"10/18/24, 10:18",Wet
Baby,"10/18/24, 08:07",Mixed,
Baby,"10/18/24, 07:18",Dirty,
Baby,"10/18/24, 06:24",Mixed
Baby,"10/18/24, 02:47",Wet
Baby,"10/17/24, 20:12",Wet,
Baby,"10/17/24, 18:00",Mixed
Baby,"10/17/24, 14:52",Mixed,
Baby,"10/17/24, 13:06",Dirty,
Baby,"10/17/24, 12:50",Mixed
Baby,"10/17/24, 09:50",Mixed
Baby,"10/17/24, 09:40",Mixed,
Baby,"10/17/24, 02:33",Wet
Baby,"10/16/24, 19:36",Wet
Baby,"10/16/24, 18:04",Mixed,
Baby,"10/16/24, 17:01",Wet,
Baby,"10/16/24, 15:48",Mixed,
Baby,"10/16/24, 15:12",Wet
Baby,"10/16/24, 13:53",Mixed,
Baby,"10/16/24, 12:40",Dirty
Baby,"10/16/24, 12:30",Wet,
Baby,"10/16/24, 09:35",Mixed,
Baby,"10/16/24, 08:14",Wet
Baby,"10/16/24, 01:59",Mixed
Baby,"10/15/24, 18:16",Dirty
Baby,"10/15/24, 17:59",Wet
Baby,"10/15/24, 15:50",Mixed
Baby,"10/15/24, 14:12",Mixed
Baby,"10/15/24, 13:38",Wet
Baby,"10/15/24, 11:56",Dirty
Baby,"10/15/24, 11:12",Mixed,
Baby,"10/15/24, 09:30",Mixed
Baby,"10/15/24, 05:12",Mixed
Baby,"10/15/24, 04:01",Mixed,
Baby,"10/14/24, 23:14",Wet
Baby,"10/14/24, 18:59",Mixed
Baby,"10/14/24, 17:20",Wet
Baby,"10/14/24, 14:43",Dirty
Baby,"10/14/24, 14:39",Wet
Baby,"10/14/24, 12:25",Mixed,
Baby,"10/14/24, 10:25",Mixed
Baby,"10/14/24, 09:21",Mixed
Baby,"10/14/24, 08:39",Wet
Baby,"10/14/24, 06:26",Mixed
Baby,"10/14/24, 01:23",Mixed
Baby,"10/13/24, 17:36",Mixed
Baby,"10/13/24, 15:26",Wet
Baby,"10/13/24, 10:27",Mixed
Baby,"10/13/24, 08:45",Mixed
Baby,"10/13/24, 08:06",Mixed
Baby,"10/13/24, 07:58",Mixed
Baby,"10/13/24, 04:56",Wet
Baby,"10/13/24, 00:55",Mixed
Baby,"10/13/24, 00:34",Mixed
Baby,"10/12/24, 19:21",Wet
Baby,"10/12/24, 14:12",Mixed,
Baby,"10/12/24, 13:00",Mixed
Baby,"10/12/24, 08:32",Mixed,
Baby,"10/12/24, 06:48",Mixed
Baby,"10/12/24, 04:00",Wet
Baby,"10/12/24, 00:35",Wet
Baby,"10/11/24, 19:20",Mixed
Baby,"10/11/24, 18:25",Mixed
Baby,"10/11/24, 16:07",Mixed
Baby,"10/11/24, 14:47",Mixed
Baby,"10/11/24, 14:03",Mixed
Baby,"10/11/24, 12:25",Mixed
Baby,"10/11/24, 10:09",Wet
Baby,"10/11/24, 04:43",Wet
Baby,"10/11/24, 00:54",Mixed
Baby,"10/10/24, 20:19",Wet
Baby,"10/10/24, 17:39",Mixed
Baby,"10/10/24, 16:12",Wet
Baby,"10/10/24, 13:13",Mixed
Baby,"10/10/24, 12:44",Wet
Baby,"10/10/24, 11:21",Mixed
Baby,"10/10/24, 09:41",Wet
Baby,"10/10/24, 06:00",Wet
Baby,"10/10/24, 02:42",Dirty
Baby,"10/10/24, 02:22",Wet
Baby,"10/9/24, 16:43",Wet
Baby,"10/9/24, 15:29",Dirty
Baby,"10/9/24, 15:00",Mixed
Baby,"10/9/24, 13:39",Mixed
Baby,"10/9/24, 13:24",Wet
Baby,"10/9/24, 11:17",Wet
Baby,"10/9/24, 09:42",Mixed
Baby,"10/9/24, 08:01",Mixed
Baby,"10/9/24, 07:01",Mixed
Baby,"10/9/24, 06:44",Wet
Baby,"10/9/24, 01:10",Dirty
Baby,"10/9/24, 00:52",Wet
Baby,"10/8/24, 19:24",Wet
Baby,"10/8/24, 17:27",Mixed
Baby,"10/8/24, 15:37",Wet
Baby,"10/8/24, 11:57",Mixed
Baby,"10/8/24, 07:37",Mixed
Baby,"10/8/24, 06:54",Mixed
Baby,"10/8/24, 01:46",Mixed
Baby,"10/7/24, 19:22",Wet
Baby,"10/7/24, 16:47",Wet
Baby,"10/7/24, 15:11",Wet
Baby,"10/7/24, 13:47",Mixed
Baby,"10/7/24, 08:42",Mixed
Baby,"10/7/24, 02:08",Wet
Baby,"10/6/24, 19:28",Wet
Baby,"10/6/24, 16:46",Mixed
Baby,"10/6/24, 11:45",Wet
Baby,"10/6/24, 08:25",Mixed
Baby,"10/6/24, 07:30",Wet
Baby,"10/6/24, 06:59",Mixed
Baby,"10/6/24, 01:43",Wet
Baby,"10/5/24, 18:12",Wet
Baby,"10/5/24, 16:24",Wet
Baby,"10/5/24, 15:51",Wet
Baby,"10/5/24, 13:31",Mixed
Baby,"10/5/24, 12:16",Mixed
Baby,"10/5/24, 11:46",Wet
Baby,"10/5/24, 10:47",Mixed,
Baby,"10/5/24, 08:19",Wet
Baby,"10/5/24, 05:00",Dirty
Baby,"10/5/24, 05:00",Wet
Baby,"10/4/24, 23:52",Wet
Baby,"10/4/24, 17:38",Wet
Baby,"10/4/24, 17:13",Wet
Baby,"10/4/24, 16:13",Mixed
Baby,"10/4/24, 15:23",Mixed
Baby,"10/4/24, 14:27",Mixed
Baby,"10/4/24, 12:39",Mixed
Baby,"10/4/24, 10:52",Mixed
Baby,"10/4/24, 10:23",Mixed
Baby,"10/4/24, 04:08",Mixed
Baby,"10/3/24, 20:30",Mixed
Baby,"10/3/24, 18:39",Mixed
Baby,"10/3/24, 16:28",Mixed
Baby,"10/3/24, 14:31",Wet
Baby,"10/3/24, 13:49",Mixed
Baby,"10/3/24, 11:53",Mixed
Baby,"10/3/24, 09:20",Mixed
Baby,"10/3/24, 08:04",Wet
Baby,"10/3/24, 08:00",Wet
Baby,"10/3/24, 05:05",Mixed
Baby,"10/3/24, 00:18",Mixed
Baby,"10/2/24, 17:51",Wet
Baby,"10/2/24, 15:16",Wet
Baby,"10/2/24, 12:39",Mixed
Baby,"10/2/24, 11:46",Dirty
Baby,"10/2/24, 11:46",Wet
Baby,"10/2/24, 10:28",Mixed
Baby,"10/2/24, 07:59",Wet
Baby,"10/2/24, 05:42",Mixed
Baby,"10/2/24, 02:03",Wet
Baby,"10/1/24, 21:06",Wet
Baby,"10/1/24, 18:59",Mixed
Baby,"10/1/24, 18:59",Mixed
Baby,"10/1/24, 18:08",Wet
Baby,"10/1/24, 15:53",Dirty
Baby,"10/1/24, 15:53",Mixed
Baby,"10/1/24, 12:50",Mixed
Baby,"10/1/24, 08:30",Mixed
Baby,"10/1/24, 04:53",Mixed
Baby,"10/1/24, 01:11",Dirty
Baby,"10/1/24, 01:05",Mixed
Baby,"9/30/24, 20:49",Wet
Baby,"9/30/24, 18:00",Mixed
Baby,"9/30/24, 16:27",Wet
Baby,"9/30/24, 15:00",Wet
Baby,"9/30/24, 10:34",Mixed
Baby,"9/30/24, 09:34",Mixed
Baby,"9/30/24, 08:34",Mixed
Baby,"9/30/24, 07:29",Mixed
Baby,"9/30/24, 06:25",Mixed
Baby,"9/30/24, 02:44",Mixed
Baby,"9/29/24, 21:07",Wet
Baby,"9/29/24, 18:33",Mixed
Baby,"9/29/24, 17:18",Mixed
Baby,"9/29/24, 07:16",Mixed
Baby,"9/28/24, 20:14",Wet
Baby,"9/28/24, 19:50",Wet
Baby,"9/28/24, 18:19",Wet
Baby,"9/28/24, 18:19",Mixed
Baby,"9/28/24, 16:20",Mixed
Baby,"9/28/24, 12:58",Mixed
Baby,"9/28/24, 12:14",Mixed
Baby,"9/28/24, 06:41",Mixed
Baby,"9/28/24, 03:09",Mixed
Baby,"9/27/24, 19:29",Wet
Baby,"9/27/24, 18:10",Mixed
Baby,"9/27/24, 17:45",Mixed
Baby,"9/27/24, 17:11",Dirty
Baby,"9/27/24, 15:54",Wet
Baby,"9/27/24, 13:47",Wet
Baby,"9/27/24, 12:26",Mixed
Baby,"9/27/24, 11:16",Mixed
Baby,"9/27/24, 10:53",Mixed
Baby,"9/27/24, 08:28",Mixed
Baby,"9/27/24, 07:11",Mixed
Baby,"9/27/24, 03:52",Mixed
Baby,"9/26/24, 21:23",Wet
Baby,"9/26/24, 16:14",Mixed
Baby,"9/26/24, 15:29",Mixed
Baby,"9/26/24, 11:27",Mixed
Baby,"9/26/24, 09:29",Mixed
Baby,"9/26/24, 09:27",Mixed
Baby,"9/26/24, 08:43",Mixed
Baby,"9/26/24, 05:51",Mixed
Baby,"9/26/24, 02:24",Wet
Baby,"9/25/24, 21:05",Mixed
Baby,"9/25/24, 19:18",Wet
Baby,"9/25/24, 16:44",Mixed
Baby,"9/25/24, 14:09",Wet
Baby,"9/25/24, 11:11",Mixed
Baby,"9/25/24, 09:30",Mixed
Baby,"9/25/24, 05:39",Mixed
Baby,"9/25/24, 01:40",Wet
Baby,"9/24/24, 20:58",Mixed
Baby,"9/24/24, 19:20",Wet
Baby,"9/24/24, 16:34",Mixed
Baby,"9/24/24, 10:39",Mixed
Baby,"9/24/24, 06:59",Dirty
Baby,"9/24/24, 06:51",Wet
Baby,"9/24/24, 06:35",Mixed
Baby,"9/24/24, 05:13",Mixed
Baby,"9/24/24, 00:54",Mixed
Baby,"9/23/24, 20:51",Mixed
Baby,"9/23/24, 20:34",Wet
Baby,"9/23/24, 16:38",Wet
Baby,"9/23/24, 15:30",Wet
Baby,"9/23/24, 14:47",Dirty
Baby,"9/23/24, 14:24",Wet
Baby,"9/23/24, 13:01",Wet
Baby,"9/23/24, 11:58",Wet
Baby,"9/23/24, 09:48",Wet
Baby,"9/23/24, 09:19",Wet
Baby,"9/23/24, 08:33",Mixed
Baby,"9/23/24, 08:08",Wet
Baby,"9/23/24, 06:44",Mixed
Baby,"9/23/24, 03:05",Mixed
Baby,"9/22/24, 20:27",Wet
Baby,"9/22/24, 19:58",Mixed
Baby,"9/22/24, 17:05",Wet
Baby,"9/22/24, 15:38",Wet
Baby,"9/22/24, 13:44",Mixed
Baby,"9/22/24, 11:51",Dirty
Baby,"9/22/24, 11:14",Wet
Baby,"9/22/24, 07:56",Dirty
Baby,"9/22/24, 07:37",Dirty
Baby,"9/22/24, 07:32",Mixed
Baby,"9/22/24, 05:24",Mixed
Baby,"9/22/24, 01:52",Wet
Baby,"9/21/24, 20:15",Dirty
Baby,"9/21/24, 19:47",Mixed
Baby,"9/21/24, 19:11",Wet
Baby,"9/21/24, 17:37",Dirty
Baby,"9/21/24, 17:02",Mixed
Baby,"9/21/24, 15:01",Mixed
Baby,"9/21/24, 10:12",Mixed
Baby,"9/21/24, 10:09",Mixed
Baby,"9/21/24, 05:27",Mixed
Baby,"9/21/24, 01:38",Wet
Baby,"9/20/24, 20:13",Wet
Baby,"9/20/24, 18:11",Mixed
Baby,"9/20/24, 16:27",Dirty
Baby,"9/20/24, 16:06",Mixed
Baby,"9/20/24, 14:45",Wet
Baby,"9/20/24, 11:46",Mixed
Baby,"9/20/24, 08:39",Mixed
Baby,"9/20/24, 07:23",Mixed
Baby,"9/20/24, 05:25",Mixed
Baby,"9/20/24, 01:37",Dirty
Baby,"9/20/24, 01:09",Wet
Baby,"9/19/24, 20:35",Wet
Baby,"9/19/24, 19:52",Mixed
Baby,"9/19/24, 19:43",Wet
Baby,"9/19/24, 18:42",Wet
Baby,"9/19/24, 17:27",Mixed
Baby,"9/19/24, 16:02",Wet
Baby,"9/19/24, 12:17",Wet
Baby,"9/19/24, 11:46",Wet
Baby,"9/19/24, 09:51",Dirty
Baby,"9/19/24, 09:30",Mixed
Baby,"9/19/24, 07:17",Mixed
Baby,"9/19/24, 07:00",Mixed
Baby,"9/19/24, 01:56",Wet
Baby,"9/18/24, 18:49",Mixed
Baby,"9/18/24, 18:05",Wet
Baby,"9/18/24, 16:56",Wet
Baby,"9/18/24, 14:42",Wet
Baby,"9/18/24, 13:33",Wet
Baby,"9/18/24, 12:58",Mixed
Baby,"9/18/24, 10:14",Mixed
Baby,"9/18/24, 08:15",Wet
Baby,"9/18/24, 05:29",Wet
Baby,"9/18/24, 01:15",Wet
Baby,"9/17/24, 21:25",Mixed
Baby,"9/17/24, 19:45",Dirty
Baby,"9/17/24, 19:36",Wet
Baby,"9/17/24, 16:58",Mixed
Baby,"9/17/24, 15:03",Mixed
Baby,"9/17/24, 13:30",Mixed
Baby,"9/17/24, 10:37",Mixed
Baby,"9/17/24, 07:56",Mixed
Baby,"9/17/24, 04:13",Mixed
Baby,"9/17/24, 02:00",Mixed
Baby,"9/16/24, 20:45",Wet
Baby,"9/16/24, 20:45",Wet
Baby,"9/16/24, 17:24",Mixed
Baby,"9/16/24, 16:32",Mixed
Baby,"9/16/24, 14:10",Mixed
Baby,"9/16/24, 13:21",Mixed
Baby,"9/16/24, 11:00",Wet
Baby,"9/16/24, 09:55",Mixed
Baby,"9/16/24, 08:01",Mixed
Baby,"9/16/24, 05:04",Wet
Baby,"9/16/24, 01:22",Wet
Baby,"9/15/24, 20:26",Mixed
Baby,"9/15/24, 19:27",Wet
Baby,"9/15/24, 17:38",Mixed
Baby,"9/15/24, 16:14",Mixed
Baby,"9/15/24, 15:03",Wet
Baby,"9/15/24, 12:02",Dirty
Baby,"9/15/24, 11:42",Wet
Baby,"9/15/24, 10:19",Mixed
Baby,"9/15/24, 09:11",Dirty
Baby,"9/15/24, 08:34",Wet
Baby,"9/15/24, 08:34",Mixed
Baby,"9/15/24, 03:40",Mixed
Baby,"9/15/24, 00:47",Mixed
Baby,"9/15/24, 00:25",Wet
Baby,"9/14/24, 19:10",Mixed
Baby,"9/14/24, 17:12",Mixed
Baby,"9/14/24, 13:36",Mixed
Baby,"9/14/24, 12:20",Wet
Baby,"9/14/24, 11:07",Mixed
Baby,"9/14/24, 09:46",Mixed
Baby,"9/14/24, 08:14",Mixed
Baby,"9/14/24, 07:25",Mixed
Baby,"9/14/24, 04:20",Mixed
Baby,"9/14/24, 00:22",Mixed
Baby,"9/13/24, 21:05",Mixed
Baby,"9/13/24, 18:46",Wet
Baby,"9/13/24, 17:35",Dirty
Baby,"9/13/24, 17:20",Wet
Baby,"9/13/24, 06:50",Mixed
Baby,"9/13/24, 05:50",Dirty
Baby,"9/13/24, 03:51",Wet
Baby,"9/12/24, 23:09",Mixed
Baby,"9/12/24, 21:34",Mixed
Baby,"9/12/24, 21:14",Mixed
Baby,"9/12/24, 15:50",Dirty
Baby,"9/12/24, 15:40",Wet
Baby,"9/12/24, 12:54",Mixed
Baby,"9/12/24, 11:41",Wet
Baby,"9/12/24, 08:40",Mixed
Baby,"9/12/24, 06:03",Mixed
Baby,"9/12/24, 03:05",Mixed
Baby,"9/12/24, 02:05",Mixed
Baby,"9/11/24, 21:19",Dry
Baby,"9/11/24, 19:34",Mixed
Baby,"9/11/24, 16:59",Wet
Baby,"9/11/24, 16:45",Wet
Baby,"9/11/24, 15:45",Mixed
Baby,"9/11/24, 14:50",Mixed
Baby,"9/11/24, 13:34",Wet
Baby,"9/11/24, 11:52",Mixed
Baby,"9/11/24, 10:28",Mixed
Baby,"9/11/24, 08:33",Mixed
Baby,"9/11/24, 04:44",Mixed
Baby,"9/11/24, 01:59",Mixed
Baby,"9/11/24, 01:29",Mixed
Baby,"9/10/24, 21:20",Wet
Baby,"9/10/24, 18:29",Mixed
Baby,"9/10/24, 15:48",Dirty
Baby,"9/10/24, 12:54",Wet
Baby,"9/10/24, 10:50",Mixed
Baby,"9/10/24, 09:13",Wet
Baby,"9/10/24, 09:13",Wet
Baby,"9/10/24, 05:36",Mixed
Baby,"9/10/24, 02:20",Wet
Baby,"9/9/24, 17:28",Mixed
Baby,"9/9/24, 15:39",Mixed
Baby,"9/9/24, 13:38",Mixed
Baby,"9/9/24, 11:52",Wet
Baby,"9/9/24, 08:42",Mixed
Baby,"9/9/24, 05:35",Mixed
Baby,"9/9/24, 02:20",Wet
Baby,"9/8/24, 20:42",Wet
Baby,"9/8/24, 18:24",Dirty
Baby,"9/8/24, 17:10",Mixed
Baby,"9/8/24, 15:06",Mixed
Baby,"9/8/24, 13:45",Mixed
Baby,"9/8/24, 10:33",Mixed
Baby,"9/8/24, 09:38",Wet
Baby,"9/8/24, 08:05",Wet
Baby,"9/8/24, 06:30",Wet
Baby,"9/8/24, 05:32",Mixed
Baby,"9/8/24, 02:44",Mixed
Baby,"9/7/24, 23:48",Wet
Baby,"9/7/24, 19:25",Mixed
Baby,"9/7/24, 18:15",Mixed
Baby,"9/7/24, 17:59",Wet
Baby,"9/7/24, 16:15",Mixed
Baby,"9/7/24, 14:20",Wet
Baby,"9/7/24, 13:33",Mixed
Baby,"9/7/24, 09:30",Dirty
Baby,"9/7/24, 09:15",Mixed
Baby,"9/7/24, 06:26",Mixed
Baby,"9/7/24, 06:26",Mixed
Baby,"9/7/24, 06:26",Mixed
Baby,"9/7/24, 04:07",Mixed
Baby,"9/6/24, 22:55",Wet
Baby,"9/6/24, 21:42",Dirty
Baby,"9/6/24, 21:32",Mixed
Baby,"9/6/24, 15:14",Mixed
Baby,"9/6/24, 14:58",Wet
Baby,"9/6/24, 14:00",Wet
Baby,"9/6/24, 13:34",Wet
Baby,"9/6/24, 12:28",Mixed
Baby,"9/6/24, 11:34",Mixed
Baby,"9/6/24, 09:46",Mixed
Baby,"9/6/24, 08:01",Mixed
Baby,"9/6/24, 07:24",Wet
Baby,"9/6/24, 03:11",Wet
Baby,"9/5/24, 23:15",Mixed
Baby,"9/5/24, 18:49",Dirty
Baby,"9/5/24, 18:42",Wet
Baby,"9/5/24, 17:01",Mixed
Baby,"9/5/24, 15:00",Mixed
Baby,"9/5/24, 12:53",Mixed
Baby,"9/5/24, 11:33",Mixed
Baby,"9/5/24, 08:57",Mixed
Baby,"9/5/24, 06:54",Mixed
Baby,"9/5/24, 03:04",Dirty
Baby,"9/5/24, 02:26",Wet
Baby,"9/4/24, 22:00",Wet
Baby,"9/4/24, 18:40",Wet
Baby,"9/4/24, 16:47",Mixed
Baby,"9/4/24, 15:30",Mixed
Baby,"9/4/24, 13:49",Mixed
Baby,"9/4/24, 11:40",Wet
Baby,"9/4/24, 09:54",Mixed
Baby,"9/4/24, 09:01",Dirty
Baby,"9/4/24, 09:01",Dirty
Baby,"9/4/24, 09:01",Mixed
Baby,"9/4/24, 05:33",Mixed
Baby,"9/4/24, 01:59",Mixed
Baby,"9/3/24, 21:30",Wet
Baby,"9/3/24, 20:11",Mixed
Baby,"9/3/24, 19:03",Wet
Baby,"9/3/24, 17:27",Dirty
Baby,"9/3/24, 17:12",Mixed
Baby,"9/3/24, 15:15",Wet
Baby,"9/3/24, 13:29",Mixed
Baby,"9/3/24, 11:22",Dirty
Baby,"9/3/24, 11:17",Mixed
Baby,"9/3/24, 09:26",Mixed
Baby,"9/3/24, 07:20",Mixed
Baby,"9/3/24, 05:00",Mixed
Baby,"9/3/24, 04:43",Dirty
Baby,"9/3/24, 04:17",Wet
Baby,"9/3/24, 00:22",Mixed
Baby,"9/2/24, 19:38",Wet
Baby,"9/2/24, 18:08",Mixed
Baby,"9/2/24, 15:13",Wet
Baby,"9/2/24, 15:12",Mixed
Baby,"9/2/24, 12:21",Mixed
Baby,"9/2/24, 08:59",Mixed
Baby,"9/2/24, 07:47",Mixed
Baby,"9/2/24, 07:02",Mixed
Baby,"9/2/24, 04:40",Mixed
Baby,"9/2/24, 04:13",Mixed
Baby,"9/2/24, 00:55",Mixed
Baby,"9/2/24, 00:30",Wet
Baby,"9/1/24, 20:26",Wet
Baby,"9/1/24, 19:17",Mixed
Baby,"9/1/24, 18:30",Wet
Baby,"9/1/24, 18:27",Mixed
Baby,"9/1/24, 17:47",Wet
Baby,"9/1/24, 15:26",Wet
Baby,"9/1/24, 13:52",Mixed
Baby,"9/1/24, 12:06",Dirty
Baby,"9/1/24, 12:05",Mixed
Baby,"9/1/24, 10:25",Mixed
Baby,"9/1/24, 07:53",Mixed
Baby,"9/1/24, 04:39",Dirty
Baby,"9/1/24, 04:19",Mixed
Baby,"9/1/24, 00:36",Dry
Baby,"9/1/24, 00:00",Wet
Baby,"8/31/24, 20:40",Mixed
Baby,"8/31/24, 18:13",Mixed
Baby,"8/31/24, 16:34",Wet
Baby,"8/31/24, 13:36",Wet
Baby,"8/31/24, 12:38",Mixed
Baby,"8/31/24, 10:57",Mixed
Baby,"8/31/24, 10:03",Mixed
Baby,"8/31/24, 08:23",Mixed
Baby,"8/31/24, 08:19",Mixed
Baby,"8/31/24, 05:11",Dirty
Baby,"8/31/24, 04:37",Mixed
Baby,"8/31/24, 00:46",Dirty
Baby,"8/31/24, 00:38",Mixed
Baby,"8/30/24, 20:35",Dirty
Baby,"8/30/24, 19:38",Wet
Baby,"8/30/24, 17:30",Mixed
Baby,"8/30/24, 13:40",Dirty
Baby,"8/30/24, 13:33",Dirty
Baby,"8/30/24, 13:20",Wet
Baby,"8/30/24, 12:43",Mixed
Baby,"8/30/24, 10:10",Dirty
Baby,"8/30/24, 09:14",Mixed
Baby,"8/30/24, 06:21",Mixed
Baby,"8/30/24, 05:59",Mixed
Baby,"8/30/24, 03:45",Mixed
Baby,"8/30/24, 01:07",Dirty
Baby,"8/30/24, 00:39",Dirty,
Baby,"8/29/24, 21:40",Mixed
Baby,"8/29/24, 18:13",Dirty
Baby,"8/29/24, 18:08",Dirty
Baby,"8/29/24, 18:00",Dirty
Baby,"8/29/24, 17:02",Mixed
Baby,"8/29/24, 13:16",Wet
Baby,"8/29/24, 13:15",Wet
Baby,"8/29/24, 11:36",Dirty
Baby,"8/29/24, 11:10",Wet
Baby,"8/29/24, 11:08",Wet
Baby,"8/29/24, 09:17",Wet
Baby,"8/29/24, 09:15",Mixed
Baby,"8/29/24, 07:26",Mixed
Baby,"8/29/24, 03:57",Mixed
Baby,"8/29/24, 00:32",Mixed
Baby,"8/28/24, 21:28",Wet
Baby,"8/28/24, 17:43",Dirty
Baby,"8/28/24, 17:40",Wet
Baby,"8/28/24, 16:30",Mixed
Baby,"8/28/24, 13:54",Wet
Baby,"8/28/24, 12:27",Wet
Baby,"8/28/24, 10:49",Dirty
Baby,"8/28/24, 10:17",Dirty
Baby,"8/28/24, 09:34",Wet
Baby,"8/28/24, 05:58",Mixed
Baby,"8/28/24, 02:11",Wet
Baby,"8/28/24, 02:10",Mixed
Baby,"8/28/24, 00:11",Mixed
Baby,"8/27/24, 20:50",Mixed
Baby,"8/27/24, 19:17",Mixed
Baby,"8/27/24, 17:48",Wet
Baby,"8/27/24, 14:59",Mixed
Baby,"8/27/24, 13:26",Dirty
Baby,"8/27/24, 10:17",Wet
Baby,"8/27/24, 07:19",Dirty
Baby,"8/27/24, 07:03",Mixed
Baby,"8/27/24, 03:51",Mixed
Baby,"8/26/24, 22:44",Wet
Baby,"8/26/24, 21:23",Mixed
Baby,"8/26/24, 19:50",Dirty
Baby,"8/26/24, 19:38",Wet
Baby,"8/26/24, 15:48",Mixed
Baby,"8/26/24, 13:22",Wet
Baby,"8/26/24, 11:17",Mixed
Baby,"8/26/24, 10:21",Wet
Baby,"8/26/24, 07:01",Dirty
Baby,"8/26/24, 06:40",Mixed
Baby,"8/26/24, 03:42",Dirty
Baby,"8/26/24, 03:23",Mixed
Baby,"8/26/24, 01:28",Wet
Baby,"8/25/24, 22:09",Mixed
Baby,"8/25/24, 20:49",Mixed
Baby,"8/25/24, 18:49",Mixed
Baby,"8/25/24, 18:20",Mixed
Baby,"8/25/24, 15:38",Mixed
Baby,"8/25/24, 12:50",Dirty
Baby,"8/25/24, 12:19",Wet
Baby,"8/25/24, 09:32",Dirty
Baby,"8/25/24, 08:40",Mixed
Baby,"8/25/24, 06:30",Dirty
Baby,"8/25/24, 06:00",Mixed
Baby,"8/25/24, 03:19",Dirty
Baby,"8/25/24, 02:48",Mixed
