Baby,Time,Start Side,Left duration (min),Right duration (min),Total Duration (min),Note
Baby,"6/2/25, 00:57",Right,,9,9
Baby,"5/16/25, 10:30",Right,,10,10
Baby,"5/15/25, 05:55",Right,,5,5
Baby,"5/15/25, 04:43",Left,13,,13
Baby,"5/15/25, 02:57",Right,,3,3
Baby,"5/15/25, 02:30",Left,14,,14
Baby,"5/15/25, 00:05",Right,,17,17
Baby,"5/14/25, 23:15",Left,16,,16
Baby,"5/14/25, 22:44",Right,,5,5
Baby,"5/14/25, 21:22",Right,,18,18
Baby,"5/14/25, 20:47",Right,,24,24
Baby,"5/14/25, 10:53",Right,,59,59
Baby,"5/14/25, 09:37",Right,,15,15
Baby,"5/14/25, 07:26",Right,,2,2
Baby,"5/13/25, 16:17",Right,,9,9
Baby,"5/13/25, 15:36",Left,5,,5
Baby,"5/13/25, 14:33",Right,,6,6
Baby,"5/13/25, 12:11",Right,,11,11
Baby,"5/13/25, 10:06",Left,14,,14
Baby,"5/12/25, 20:49",Right,,726,726
Baby,"5/12/25, 20:09",Left,5,,5
Baby,"5/12/25, 17:21",Right,,21,21
Baby,"5/12/25, 16:05",Right,,67,67
Baby,"5/12/25, 14:26",Left,5,,5
Baby,"5/12/25, 11:45",Left,11,,11
Baby,"5/12/25, 09:55",Right,,38,38
Baby,"5/10/25, 20:18",Right,,17,17
Baby,"5/10/25, 19:37",Left,3,,3
Baby,"5/10/25, 15:21",Right,,84,84
Baby,"5/10/25, 10:07",Right,,13,13
Baby,"5/10/25, 09:32",Right,,32,32
Baby,"5/10/25, 09:27",Right,,1,1
Baby,"5/10/25, 09:11",Right,,2,2
Baby,"5/9/25, 20:13",Left,5,27,32
Baby,"5/9/25, 17:44",Right,,5,5
Baby,"5/9/25, 16:31",Left,5,,5
Baby,"5/9/25, 10:58",Left,14,3,17
Baby,"5/7/25, 17:09",Left,37,,37
Baby,"5/6/25, 20:34",Right,,33,33
Baby,"5/6/25, 11:38",Right,,3,3
Baby,"5/5/25, 20:45",Right,,52,52
Baby,"5/5/25, 10:00",Left,13,,13
Baby,"5/5/25, 09:45",Right,,13,13
Baby,"5/4/25, 15:34",Right,,15,15
Baby,"5/4/25, 13:44",Left,9,,9
Baby,"5/4/25, 10:48",Right,,10,10
Baby,"5/4/25, 09:50",Right,,11,11
Baby,"5/3/25, 21:43",Right,,32,32
Baby,"5/3/25, 11:14",Right,,85,85
Baby,"5/2/25, 13:54",Left,6,,6
Baby,"5/2/25, 09:02",Right,,130,130
Baby,"5/1/25, 09:35",Left,6,,6
Baby,"5/1/25, 08:07",Right,,4,4
Baby,"4/30/25, 14:29",Right,,103,103
Baby,"4/30/25, 10:53",Left,5,,5
Baby,"4/29/25, 20:21",Left,13,13,26
Baby,"4/29/25, 14:50",Right,,72,72
Baby,"4/29/25, 13:17",Right,,6,6
Baby,"4/29/25, 09:29",Left,36,8,44
Baby,"4/26/25, 11:43",Right,,14,14
Baby,"4/26/25, 10:41",Right,,53,53
Baby,"4/26/25, 10:18",Left,6,,6
Baby,"4/25/25, 15:40",Right,,71,71
Baby,"4/25/25, 10:47",Right,,74,74
Baby,"4/24/25, 19:37",Right,,2,2
Baby,"4/24/25, 14:33",Right,,3,3
Baby,"4/24/25, 14:21",Left,6,,6
Baby,"4/23/25, 16:31",Right,,23,23
Baby,"4/23/25, 15:47",Left,5,15,20
Baby,"4/23/25, 10:20",Left,23,86,109
Baby,"4/23/25, 09:42",Right,,2,2
Baby,"4/22/25, 20:22",Right,,7,7
Baby,"4/22/25, 16:55",Left,3,2,5
Baby,"4/22/25, 14:40",Right,3,4,7
Baby,"4/22/25, 11:44",Right,,4,4
Baby,"4/22/25, 09:03",Left,43,,43
Baby,"4/21/25, 10:01",Right,,38,38
Baby,"4/21/25, 09:07",Left,5,,5
Baby,"4/20/25, 17:06",Right,,53,53
Baby,"4/20/25, 14:47",Right,2,2,4,
Baby,"4/20/25, 10:52",Left,8,,8
Baby,"4/19/25, 19:50",Left,28,,28
Baby,"4/19/25, 14:51",Left,35,23,58
Baby,"4/19/25, 12:32",Right,3,5,8
Baby,"4/19/25, 09:24",Left,6,3,9
Baby,"4/18/25, 20:46",Left,41,,41
Baby,"4/18/25, 19:43",Left,5,4,9
Baby,"4/18/25, 19:12",Right,,2,2
Baby,"4/17/25, 20:11",Left,27,8,35
Baby,"4/17/25, 18:00",Left,7,3,10
Baby,"4/17/25, 17:11",Left,1,3,4
Baby,"4/17/25, 14:44",Left,6,3,9
Baby,"4/17/25, 10:23",Left,36,9,45
Baby,"4/16/25, 19:45",Right,,11,11
Baby,"4/16/25, 18:46",Left,4,7,11
Baby,"4/16/25, 15:12",Right,,44,44
Baby,"4/16/25, 12:59",Right,5,4,9
Baby,"4/16/25, 09:38",Left,25,,25
Baby,"4/15/25, 11:59",Left,5,,5
Baby,"4/15/25, 10:22",Right,,42,42
Baby,"4/14/25, 13:00",Left,4,,4
Baby,"4/14/25, 10:22",Right,7,32,39
Baby,"4/13/25, 20:55",Right,2,21,23
Baby,"4/13/25, 17:45",Left,3,,3
Baby,"4/13/25, 13:25",Left,3,3,6
Baby,"4/12/25, 21:23",Left,45,,45
Baby,"4/12/25, 17:13",Right,,44,44
Baby,"4/12/25, 16:26",Right,,12,12
Baby,"4/12/25, 16:03",Right,5,13,18
Baby,"4/12/25, 14:40",Right,2,2,4
Baby,"4/12/25, 11:09",Left,30,,30
Baby,"4/12/25, 10:02",Right,,4,4
Baby,"4/12/25, 08:20",Right,,3,3
Baby,"4/11/25, 20:54",Left,29,,29
Baby,"4/11/25, 19:23",Left,2,3,5
Baby,"4/11/25, 17:31",Right,,3,3
Baby,"4/11/25, 14:32",Left,3,2,5
Baby,"4/11/25, 10:20",Right,16,83,99
Baby,"4/10/25, 17:57",Right,,3,3
Baby,"4/10/25, 17:46",Right,,2,2
Baby,"4/10/25, 16:34",Left,5,,5
Baby,"4/10/25, 13:22",Left,,6,6
Baby,"4/10/25, 12:07",Left,5,,5
Baby,"4/10/25, 09:33",Right,1,6,7
Baby,"4/9/25, 20:59",Left,18,,18
Baby,"4/9/25, 19:50",Left,2,3,5
Baby,"4/9/25, 17:32",Right,,11,11
Baby,"4/9/25, 16:10",Left,7,3,10
Baby,"4/9/25, 13:46",Right,1,2,3
Baby,"4/9/25, 12:58",Left,2,,2
Baby,"4/9/25, 11:01",Right,,42,42
Baby,"4/9/25, 09:47",Right,2,4,6
Baby,"4/8/25, 21:39",Right,,28,28
Baby,"4/8/25, 20:01",Left,2,1,3
Baby,"4/8/25, 17:49",Left,2,,2
Baby,"4/8/25, 13:28",Left,7,4,11
Baby,"4/8/25, 10:59",Right,3,6,9
Baby,"4/7/25, 21:46",Left,38,,38
Baby,"4/7/25, 20:49",Right,1,4,5
Baby,"4/7/25, 18:57",Left,7,,7
Baby,"4/7/25, 17:11",Right,2,4,6
Baby,"4/7/25, 14:55",Left,2,,2
Baby,"4/7/25, 13:07",Right,,49,49
Baby,"4/7/25, 12:08",Left,6,2,8
Baby,"4/7/25, 10:14",Right,6,7,13
Baby,"4/6/25, 20:41",Left,16,,16
Baby,"4/6/25, 18:44",Right,1,6,7
Baby,"4/6/25, 16:54",Left,5,1,6
Baby,"4/6/25, 12:55",Left,6,,6
Baby,"4/6/25, 10:41",Right,,76,76
Baby,"4/5/25, 21:02",Left,51,,51
Baby,"4/5/25, 17:10",Left,4,33,37
Baby,"4/5/25, 13:13",Right,,35,35
Baby,"4/5/25, 11:04",Left,48,6,54
Baby,"4/5/25, 10:16",Right,1,4,5
Baby,"4/4/25, 21:59",Right,,13,13
Baby,"4/4/25, 21:07",Left,17,18,35
Baby,"4/4/25, 15:07",Right,,2,2
Baby,"4/4/25, 13:43",Left,4,,4
Baby,"4/4/25, 10:04",Right,,76,76
Baby,"4/4/25, 07:56",Right,,3,3
Baby,"4/3/25, 21:39",Right,10,18,28
Baby,"4/3/25, 20:39",Left,5,,5
Baby,"4/3/25, 14:16",Left,58,,58
Baby,"4/3/25, 13:54",Right,,7,7
Baby,"4/3/25, 11:54",Right,,2,2
Baby,"4/3/25, 10:31",Left,54,,54
Baby,"4/3/25, 09:56",Right,3,6,9
Baby,"4/2/25, 21:01",Right,,61,61
Baby,"4/2/25, 16:36",Right,,3,3
Baby,"4/2/25, 13:36",Left,70,,70
Baby,"4/2/25, 11:58",Right,2,2,4
Baby,"4/2/25, 09:23",Right,,44,44
Baby,"4/2/25, 07:19",Right,,2,2
Baby,"4/1/25, 21:41",Left,26,,26
Baby,"4/1/25, 18:48",Left,40,,40
Baby,"4/1/25, 18:37",Right,,2,2
Baby,"4/1/25, 18:03",Left,5,,5
Baby,"4/1/25, 16:36",Right,,4,4
Baby,"4/1/25, 12:57",Right,3,6,9
Baby,"4/1/25, 11:01",Right,,6,6
Baby,"4/1/25, 09:43",Left,41,,41
Baby,"4/1/25, 08:45",Right,,6,6
Baby,"3/31/25, 21:57",Right,,35,35
Baby,"3/31/25, 21:09",Left,40,,40
Baby,"3/31/25, 19:06",Right,7,30,37
Baby,"3/31/25, 15:25",Left,47,,47
Baby,"3/31/25, 14:20",Right,,6,6
Baby,"3/31/25, 12:42",Left,6,,6
Baby,"3/31/25, 10:20",Right,,5,5
Baby,"3/30/25, 18:24",Left,66,,66
Baby,"3/30/25, 16:11",Right,,7,7
Baby,"3/30/25, 12:07",Right,,5,5
Baby,"3/30/25, 10:09",Left,73,,73
Baby,"3/29/25, 21:33",Right,12,47,59
Baby,"3/29/25, 19:50",Left,6,,6
Baby,"3/29/25, 18:01",Left,4,5,9
Baby,"3/28/25, 21:36",Right,,32,32
Baby,"3/28/25, 19:08",Right,5,8,13
Baby,"3/28/25, 16:07",Left,3,3,6
Baby,"3/28/25, 13:15",Left,5,,5
Baby,"3/28/25, 12:53",Right,,6,6
Baby,"3/28/25, 11:07",Left,17,,17
Baby,"3/28/25, 09:12",Right,1,4,5
Baby,"3/27/25, 21:17",Right,,37,37
Baby,"3/27/25, 19:01",Right,5,8,13
Baby,"3/27/25, 16:10",Left,6,5,11
Baby,"3/27/25, 13:34",Left,3,3,6
Baby,"3/27/25, 10:15",Right,,8,8
Baby,"3/27/25, 08:25",Left,7,,7
Baby,"3/26/25, 20:48",Right,,25,25
Baby,"3/26/25, 17:35",Left,4,,4
Baby,"3/26/25, 15:49",Right,,4,4
Baby,"3/26/25, 12:13",Left,56,,56
Baby,"3/26/25, 10:09",Left,3,,3
Baby,"3/26/25, 07:58",Right,,77,77
Baby,"3/25/25, 20:00",Right,20,42,62
Baby,"3/25/25, 18:17",Left,4,5,9
Baby,"3/25/25, 14:58",Right,2,4,6
Baby,"3/25/25, 11:51",Left,3,,3
Baby,"3/25/25, 09:59",Right,,8,8
Baby,"3/24/25, 20:45",Left,16,,16
Baby,"3/24/25, 19:12",Right,1,6,7
Baby,"3/24/25, 18:00",Right,,2,2
Baby,"3/24/25, 16:12",Left,9,,9
Baby,"3/24/25, 14:30",Right,,9,9
Baby,"3/24/25, 13:29",Right,,2,2
Baby,"3/24/25, 09:51",Right,30,5,35
Baby,"3/23/25, 20:56",Left,17,,17
Baby,"3/23/25, 18:25",Right,2,3,5
Baby,"3/23/25, 16:20",Left,4,1,5
Baby,"3/23/25, 14:30",Right,,5,5
Baby,"3/23/25, 13:01",Right,,3,3
Baby,"3/23/25, 12:13",Left,4,,4
Baby,"3/23/25, 10:21",Left,5,,5
Baby,"3/23/25, 09:11",Right,,53,53
Baby,"3/23/25, 08:27",Right,,1,1
Baby,"3/22/25, 20:51",Left,16,11,27
Baby,"3/22/25, 18:14",Left,3,,3
Baby,"3/22/25, 16:13",Right,,31,31
Baby,"3/22/25, 15:41",Right,,1,1
Baby,"3/22/25, 14:56",Left,2,,2
Baby,"3/22/25, 10:49",Right,,63,63
Baby,"3/22/25, 09:50",Left,5,,5
Baby,"3/21/25, 20:54",Left,37,,37
Baby,"3/21/25, 19:41",Right,,3,3
Baby,"3/21/25, 16:52",Right,1,3,4
Baby,"3/21/25, 15:44",Left,3,2,5
Baby,"3/21/25, 13:25",Right,4,4,8
Baby,"3/21/25, 11:03",Right,,2,2
Baby,"3/21/25, 09:26",Left,57,,57
Baby,"3/20/25, 21:11",Left,20,15,35
Baby,"3/20/25, 19:09",Right,6,6,12
Baby,"3/20/25, 16:39",Left,5,,5
Baby,"3/20/25, 13:22",Right,2,2,4
Baby,"3/20/25, 11:33",Right,4,3,7
Baby,"3/20/25, 08:29",Right,,4,4
Baby,"3/19/25, 21:49",Left,7,37,44
Baby,"3/19/25, 15:55",Right,,2,2
Baby,"3/19/25, 14:13",Right,34,27,61
Baby,"3/19/25, 10:51",Left,55,2,57
Baby,"3/18/25, 20:23",Right,,41,41
Baby,"3/18/25, 18:35",Left,11,,11
Baby,"3/18/25, 17:14",Right,4,4,8
Baby,"3/18/25, 16:20",Right,,2,2
Baby,"3/18/25, 13:45",Left,4,1,5
Baby,"3/18/25, 09:22",Right,,6,6
Baby,"3/18/25, 08:38",Left,5,2,7
Baby,"3/17/25, 20:48",Left,38,,38
Baby,"3/17/25, 17:56",Left,2,,2
Baby,"3/17/25, 14:55",Right,,42,42
Baby,"3/17/25, 13:18",Right,3,8,11
Baby,"3/17/25, 10:55",Right,1,5,6
Baby,"3/17/25, 09:08",Left,4,3,7
Baby,"3/16/25, 20:57",Left,10,4,14
Baby,"3/16/25, 18:10",Left,2,1,3
Baby,"3/16/25, 16:19",Right,6,6,12
Baby,"3/16/25, 11:38",Left,5,,5
Baby,"3/16/25, 09:05",Right,,50,50
Baby,"3/15/25, 21:06",Left,41,,41
Baby,"3/15/25, 20:05",Right,,8,8
Baby,"3/15/25, 15:57",Left,42,,42
Baby,"3/15/25, 13:14",Right,2,7,9
Baby,"3/15/25, 09:30",Right,5,6,11
Baby,"3/15/25, 08:08",Right,,3,3
Baby,"3/14/25, 21:02",Right,,29,29
Baby,"3/14/25, 19:16",Left,11,,11
Baby,"3/14/25, 17:37",Right,4,3,7
Baby,"3/14/25, 15:04",Left,11,,11
Baby,"3/14/25, 13:28",Right,,47,47
Baby,"3/14/25, 10:12",Left,20,,20
Baby,"3/13/25, 21:07",Left,27,21,48
Baby,"3/13/25, 18:25",Right,11,11,22
Baby,"3/13/25, 15:56",Left,7,4,11
Baby,"3/13/25, 15:05",Right,,3,3
Baby,"3/13/25, 11:57",Left,3,3,6
Baby,"3/13/25, 09:12",Right,1,4,5
Baby,"3/13/25, 07:09",Left,5,,5
Baby,"3/12/25, 20:56",Left,31,15,46
Baby,"3/12/25, 18:12",Right,,6,6
Baby,"3/12/25, 15:09",Left,4,3,7
Baby,"3/12/25, 12:43",Left,5,,5
Baby,"3/12/25, 10:48",Right,,38,38
Baby,"3/12/25, 09:50",Left,7,,7
Baby,"3/12/25, 08:10",Right,,6,6
Baby,"3/11/25, 21:02",Right,28,14,42
Baby,"3/11/25, 19:17",Left,5,,5
Baby,"3/11/25, 16:24",Right,,4,4
Baby,"3/11/25, 14:09",Left,15,,15
Baby,"3/11/25, 13:29",Left,36,,36
Baby,"3/11/25, 10:12",Right,,41,41
Baby,"3/11/25, 08:02",Left,7,1,8
Baby,"3/10/25, 21:28",Left,31,,31
Baby,"3/10/25, 19:32",Right,,7,7
Baby,"3/10/25, 16:59",Right,2,3,5
Baby,"3/10/25, 11:46",Right,,5,5
Baby,"3/10/25, 09:46",Left,7,,7
Baby,"3/10/25, 08:36",Left,2,,2
Baby,"3/10/25, 08:06",Left,2,,2
Baby,"3/9/25, 20:47",Right,7,14,21
Baby,"3/9/25, 17:28",Left,4,,4
Baby,"3/9/25, 15:12",Right,1,3,4
Baby,"3/9/25, 13:31",Left,3,,3
Baby,"3/9/25, 11:05",Right,,54,54
Baby,"3/9/25, 09:48",Left,4,,4
Baby,"3/8/25, 19:56",Right,2,14,16
Baby,"3/8/25, 17:47",Left,5,,5
Baby,"3/8/25, 12:12",Right,1,93,94
Baby,"3/8/25, 09:59",Left,4,3,7
Baby,"3/8/25, 07:16",Right,4,6,10
Baby,"3/8/25, 05:24",Left,21,,21
Baby,"3/7/25, 21:02",Right,,9,9
Baby,"3/7/25, 19:01",Left,6,,6
Baby,"3/7/25, 16:28",Right,,6,6
Baby,"3/7/25, 15:43",Right,3,3,6
Baby,"3/7/25, 14:16",Right,,4,4
Baby,"3/7/25, 12:05",Left,30,,30
Baby,"3/7/25, 09:33",Right,,33,33
Baby,"3/7/25, 07:23",Right,4,4,8
Baby,"3/6/25, 19:50",Right,,18,18
Baby,"3/6/25, 17:55",Left,7,,7
Baby,"3/6/25, 15:59",Right,,4,4
Baby,"3/6/25, 14:40",Left,5,,5
Baby,"3/6/25, 12:51",Right,,6,6
Baby,"3/6/25, 10:35",Left,5,,5
Baby,"3/6/25, 08:09",Right,4,3,7
Baby,"3/6/25, 06:31",Right,,3,3
Baby,"3/5/25, 20:07",Right,,23,23
Baby,"3/5/25, 19:03",Left,4,,4
Baby,"3/5/25, 17:00",Right,,4,4
Baby,"3/5/25, 14:24",Left,37,,37
Baby,"3/5/25, 12:52",Right,1,3,4
Baby,"3/5/25, 11:15",Left,8,,8
Baby,"3/5/25, 09:41",Right,,43,43
Baby,"3/5/25, 08:08",Right,6,7,13
Baby,"3/4/25, 20:11",Left,65,,65
Baby,"3/4/25, 17:02",Right,,45,45
Baby,"3/4/25, 15:06",Left,5,1,6
Baby,"3/4/25, 11:58",Left,8,45,53
Baby,"3/4/25, 09:23",Right,,9,9
Baby,"3/3/25, 20:23",Right,16,16,32
Baby,"3/3/25, 18:34",Right,,5,5
Baby,"3/3/25, 16:59",Left,4,1,5
Baby,"3/3/25, 13:56",Right,1,8,9
Baby,"3/3/25, 11:13",Left,5,,5
Baby,"3/3/25, 08:20",Left,8,23,31
Baby,"3/2/25, 20:32",Right,,58,58
Baby,"3/2/25, 19:01",Right,,5,5
Baby,"3/2/25, 17:15",Left,5,1,6
Baby,"3/2/25, 12:53",Right,,5,5
Baby,"3/2/25, 10:00",Left,5,2,7
Baby,"3/1/25, 20:10",Left,5,41,46
Baby,"3/1/25, 17:47",Right,,3,3
Baby,"3/1/25, 16:51",Left,4,,4
Baby,"3/1/25, 15:01",Right,,33,33
Baby,"3/1/25, 13:45",Left,7,3,10
Baby,"3/1/25, 11:31",Right,1,9,10
Baby,"3/1/25, 08:42",Left,5,6,11
Baby,"2/28/25, 21:33",Left,16,,16
Baby,"2/28/25, 20:36",Right,,5,5
Baby,"2/28/25, 17:23",Right,5,1,6
Baby,"2/28/25, 13:35",Right,6,32,38
Baby,"2/28/25, 11:43",Left,4,,4
Baby,"2/28/25, 10:27",Right,,5,5
Baby,"2/27/25, 20:15",Right,,24,24
Baby,"2/27/25, 18:26",Left,5,2,7
Baby,"2/27/25, 16:43",Right,1,4,5
Baby,"2/27/25, 14:31",Right,2,6,8
Baby,"2/27/25, 10:18",Right,72,4,76
Baby,"2/27/25, 09:34",Right,1,5,6
Baby,"2/26/25, 20:22",Right,,46,46
Baby,"2/26/25, 17:46",Left,42,,42
Baby,"2/26/25, 17:11",Right,1,6,7
Baby,"2/26/25, 14:53",Left,33,,33
Baby,"2/26/25, 13:57",Right,2,7,9
Baby,"2/26/25, 11:53",Left,4,,4
Baby,"2/26/25, 10:02",Left,6,28,34
Baby,"2/26/25, 08:00",Right,,7,7
Baby,"2/25/25, 20:32",Left,4,10,14
Baby,"2/25/25, 18:30",Left,4,,4
Baby,"2/25/25, 17:31",Right,2,7,9
Baby,"2/25/25, 15:24",Left,4,,4
Baby,"2/25/25, 14:11",Right,,17,17
Baby,"2/25/25, 13:45",Left,4,,4
Baby,"2/25/25, 11:04",Left,6,,6
Baby,"2/25/25, 09:33",Right,,47,47
Baby,"2/25/25, 07:28",Left,9,2,11
Baby,"2/24/25, 19:49",Right,,15,15
Baby,"2/24/25, 17:37",Left,12,,12
Baby,"2/24/25, 16:31",Right,3,2,5
Baby,"2/24/25, 14:44",Left,8,1,9
Baby,"2/24/25, 13:05",Right,,54,54
Baby,"2/24/25, 10:39",Left,4,2,6
Baby,"2/24/25, 08:44",Right,2,6,8
Baby,"2/23/25, 20:49",Right,,10,10
Baby,"2/23/25, 18:41",Left,42,,42
Baby,"2/23/25, 18:27",Left,5,3,8
Baby,"2/23/25, 16:24",Right,6,8,14
Baby,"2/23/25, 13:26",Left,4,,4
Baby,"2/23/25, 12:06",Right,,13,13
Baby,"2/23/25, 08:57",Left,9,5,14
Baby,"2/23/25, 01:36",Right,,26,26
Baby,"2/22/25, 21:04",Right,19,17,36
Baby,"2/22/25, 18:01",Left,30,15,45
Baby,"2/22/25, 16:33",Right,2,5,7
Baby,"2/22/25, 14:08",Left,4,5,9
Baby,"2/22/25, 11:38",Left,5,,5
Baby,"2/22/25, 09:08",Right,,57,57
Baby,"2/22/25, 07:16",Right,,3,3
Baby,"2/21/25, 20:06",Left,37,13,50
Baby,"2/21/25, 18:27",Right,3,8,11
Baby,"2/21/25, 16:28",Left,4,4,8
Baby,"2/21/25, 13:58",Right,,31,31
Baby,"2/21/25, 12:53",Left,4,2,6
Baby,"2/21/25, 10:43",Right,2,8,10
Baby,"2/21/25, 08:37",Left,25,,25
Baby,"2/21/25, 06:34",Left,5,,5
Baby,"2/21/25, 05:35",Right,,19,19
Baby,"2/21/25, 05:16",Right,,12,12
Baby,"2/20/25, 20:08",Left,12,19,31
Baby,"2/20/25, 18:19",Left,6,6,12
Baby,"2/20/25, 16:28",Right,2,4,6
Baby,"2/20/25, 13:28",Left,3,2,5
Baby,"2/20/25, 08:56",Left,67,,67
Baby,"2/19/25, 20:35",Right,,8,8
Baby,"2/19/25, 19:32",Left,5,3,8
Baby,"2/19/25, 17:44",Right,2,4,6
Baby,"2/19/25, 15:27",Left,5,,5
Baby,"2/19/25, 14:35",Left,2,,2
Baby,"2/19/25, 13:00",Right,,37,37
Baby,"2/19/25, 10:34",Right,,2,2
Baby,"2/19/25, 08:46",Left,45,,45
Baby,"2/18/25, 20:51",Right,,33,33
Baby,"2/18/25, 18:16",Right,2,3,5
Baby,"2/18/25, 16:00",Left,2,,2
Baby,"2/18/25, 14:23",Right,,4,4
Baby,"2/18/25, 13:47",Left,3,,3
Baby,"2/18/25, 12:40",Right,,40,40
Baby,"2/18/25, 10:38",Left,7,1,8
Baby,"2/18/25, 08:28",Right,5,6,11
Baby,"2/17/25, 21:01",Right,,15,15
Baby,"2/17/25, 19:27",Left,7,4,11
Baby,"2/17/25, 17:17",Right,2,5,7
Baby,"2/17/25, 14:53",Left,5,1,6
Baby,"2/17/25, 12:21",Right,,5,5
Baby,"2/17/25, 09:11",Left,7,4,11
Baby,"2/16/25, 21:30",Left,28,,28
Baby,"2/16/25, 19:54",Left,1,8,9
Baby,"2/16/25, 16:46",Right,,5,5
Baby,"2/16/25, 15:23",Left,40,,40
Baby,"2/16/25, 13:33",Right,3,5,8
Baby,"2/16/25, 12:16",Right,,6,6
Baby,"2/16/25, 10:33",Left,13,,13
Baby,"2/16/25, 09:03",Right,1,6,7
Baby,"2/15/25, 20:30",Left,13,11,24
Baby,"2/15/25, 18:53",Right,,6,6
Baby,"2/15/25, 18:13",Left,4,,4
Baby,"2/15/25, 16:40",Right,,18,18
Baby,"2/15/25, 15:33",Left,3,,3
Baby,"2/15/25, 13:29",Right,,30,30
Baby,"2/15/25, 12:48",Right,,3,3
Baby,"2/15/25, 11:03",Left,6,,6
Baby,"2/15/25, 09:14",Right,,51,51
Baby,"2/15/25, 08:12",Left,4,3,7
Baby,"2/14/25, 20:37",Right,,39,39
Baby,"2/14/25, 19:48",Left,6,,6
Baby,"2/14/25, 18:56",Left,,5,5
Baby,"2/14/25, 16:28",Left,2,6,8
Baby,"2/14/25, 15:55",Left,3,1,4
Baby,"2/14/25, 14:55",Right,,8,8
Baby,"2/14/25, 13:26",Left,35,,35
Baby,"2/14/25, 11:59",Right,6,7,13
Baby,"2/14/25, 08:45",Left,19,12,31
Baby,"2/13/25, 20:32",Left,24,,24
Baby,"2/13/25, 19:48",Right,,10,10
Baby,"2/13/25, 17:27",Left,8,3,11
Baby,"2/13/25, 15:02",Right,2,7,9
Baby,"2/13/25, 10:59",Left,5,3,8
Baby,"2/12/25, 20:24",Right,,44,44
Baby,"2/12/25, 18:08",Left,8,11,19
Baby,"2/12/25, 15:54",Right,2,9,11
Baby,"2/12/25, 13:12",Left,30,,30
Baby,"2/12/25, 09:52",Right,,55,55
Baby,"2/12/25, 07:56",Left,6,3,9
Baby,"2/12/25, 07:30",Left,1,,1
Baby,"2/11/25, 19:51",Left,1,52,53
Baby,"2/11/25, 18:27",Left,6,,6
Baby,"2/11/25, 16:41",Left,2,,2
Baby,"2/11/25, 15:33",Right,,43,43
Baby,"2/11/25, 14:31",Right,,4,4
Baby,"2/11/25, 12:26",Left,5,2,7
Baby,"2/11/25, 09:13",Right,2,5,7
Baby,"2/10/25, 20:46",Left,12,,12
Baby,"2/10/25, 19:02",Right,,10,10
Baby,"2/10/25, 16:47",Left,6,,6
Baby,"2/10/25, 15:25",Left,4,4,8
Baby,"2/10/25, 13:04",Left,5,3,8
Baby,"2/10/25, 11:19",Right,,12,12
Baby,"2/10/25, 10:11",Right,,35,35
Baby,"2/10/25, 07:54",Left,3,4,7
Baby,"2/9/25, 19:36",Left,42,,42
Baby,"2/9/25, 17:03",Right,,38,38
Baby,"2/9/25, 15:54",Right,8,5,13
Baby,"2/9/25, 12:51",Left,70,,70
Baby,"2/9/25, 12:13",Right,,6,6
Baby,"2/9/25, 09:15",Left,41,,41
Baby,"2/9/25, 06:15",Right,,33,33
Baby,"2/9/25, 04:45",Left,10,,10
Baby,"2/9/25, 02:34",Right,,15,15
Baby,"2/9/25, 00:36",Left,10,,10
Baby,"2/8/25, 20:10",Left,26,13,39
Baby,"2/8/25, 18:38",Right,5,6,11
Baby,"2/8/25, 16:30",Left,6,1,7
Baby,"2/8/25, 14:37",Right,2,3,5
Baby,"2/8/25, 12:26",Left,8,,8
Baby,"2/8/25, 08:26",Right,,95,95
Baby,"2/8/25, 06:12",Left,10,,10
Baby,"2/8/25, 04:26",Left,13,,13
Baby,"2/8/25, 00:56",Right,,34,34
Baby,"2/7/25, 22:50",Left,38,,38
Baby,"2/7/25, 21:18",Left,60,,60
Baby,"2/7/25, 19:18",Right,1,5,6
Baby,"2/7/25, 17:55",Left,5,,5
Baby,"2/7/25, 15:34",Right,6,4,10
Baby,"2/7/25, 12:32",Right,3,3,6
Baby,"2/7/25, 11:21",Left,4,2,6
Baby,"2/7/25, 09:31",Right,5,6,11
Baby,"2/7/25, 08:14",Right,,4,4
Baby,"2/7/25, 06:26",Left,75,5,80
Baby,"2/7/25, 04:02",Right,43,10,53
Baby,"2/7/25, 00:00",Right,,6,6
Baby,"2/6/25, 21:02",Right,17,49,66
Baby,"2/6/25, 20:19",Left,5,,5
Baby,"2/6/25, 19:00",Right,2,5,7
Baby,"2/6/25, 16:16",Right,8,4,12
Baby,"2/6/25, 13:39",Left,7,,7
Baby,"2/6/25, 12:04",Right,,19,19
Baby,"2/6/25, 11:48",Right,,6,6
Baby,"2/6/25, 10:21",Left,9,2,11
Baby,"2/6/25, 06:58",Right,,6,6
Baby,"2/6/25, 05:40",Left,6,,6
Baby,"2/6/25, 04:47",Left,12,,12
Baby,"2/6/25, 03:36",Right,,35,35
Baby,"2/6/25, 01:16",Right,,7,7
Baby,"2/6/25, 01:15",Right,,7,7
Baby,"2/6/25, 00:33",Left,18,,18
Baby,"2/5/25, 22:27",Right,,18,18
Baby,"2/5/25, 20:47",Left,37,,37
Baby,"2/5/25, 19:21",Right,,5,5
Baby,"2/5/25, 16:17",Left,33,14,47
Baby,"2/5/25, 14:52",Right,5,6,11
Baby,"2/5/25, 13:33",Left,6,,6
Baby,"2/5/25, 12:54",Left,22,,22
Baby,"2/5/25, 11:33",Left,3,,3
Baby,"2/5/25, 10:22",Right,,11,11
Baby,"2/5/25, 06:09",Left,6,,6
Baby,"2/5/25, 05:24",Left,20,,20
Baby,"2/5/25, 04:35",Left,3,,3
Baby,"2/5/25, 04:21",Left,10,,10
Baby,"2/5/25, 01:42",Right,,54,54
Baby,"2/4/25, 22:03",Left,20,,20
Baby,"2/4/25, 20:38",Right,,12,12
Baby,"2/4/25, 18:23",Right,7,11,18
Baby,"2/4/25, 14:34",Left,4,1,5
Baby,"2/4/25, 12:56",Right,,54,54
Baby,"2/4/25, 10:05",Left,30,,30
Baby,"2/4/25, 06:28",Right,4,4,8
Baby,"2/4/25, 02:15",Right,,11,11
Baby,"2/3/25, 20:35",Left,7,40,47
Baby,"2/3/25, 18:48",Right,,15,15
Baby,"2/3/25, 17:44",Left,5,2,7
Baby,"2/3/25, 16:06",Right,4,8,12
Baby,"2/3/25, 15:10",Right,,8,8
Baby,"2/3/25, 12:44",Left,5,6,11
Baby,"2/3/25, 09:24",Left,7,3,10
Baby,"2/3/25, 03:35",Left,22,,22
Baby,"2/3/25, 01:49",Right,,11,11
Baby,"2/2/25, 22:19",Left,33,,33
Baby,"2/2/25, 19:15",Right,,16,16
Baby,"2/2/25, 17:45",Left,6,,6
Baby,"2/2/25, 15:38",Right,2,6,8
Baby,"2/2/25, 14:05",Left,5,4,9
Baby,"2/2/25, 10:37",Right,5,5,10
Baby,"2/2/25, 08:08",Left,7,4,11
Baby,"2/2/25, 05:14",Right,,10,10
Baby,"2/2/25, 03:50",Left,24,,24
Baby,"2/1/25, 22:46",Right,,7,7
Baby,"2/1/25, 19:18",Right,7,8,15
Baby,"2/1/25, 17:09",Right,6,6,12
Baby,"2/1/25, 15:01",Left,2,4,6
Baby,"2/1/25, 12:36",Left,2,4,6
Baby,"2/1/25, 10:28",Right,2,5,7
Baby,"2/1/25, 08:04",Right,12,6,18
Baby,"2/1/25, 01:53",Right,,144,144
Baby,"1/31/25, 23:27",Left,11,,11
Baby,"1/31/25, 22:19",Right,,33,33
Baby,"1/31/25, 21:29",Left,12,,12
Baby,"1/31/25, 20:47",Left,20,,20
Baby,"1/31/25, 19:54",Right,,29,29
Baby,"1/31/25, 18:33",Right,8,5,13
Baby,"1/31/25, 16:05",Left,7,19,26
Baby,"1/31/25, 13:47",Right,,6,6
Baby,"1/31/25, 12:01",Left,5,16,21
Baby,"1/31/25, 10:03",Right,1,5,6
Baby,"1/31/25, 00:35",Left,42,,42
Baby,"1/30/25, 20:32",Right,,11,11
Baby,"1/30/25, 19:55",Right,9,25,34
Baby,"1/30/25, 18:32",Right,8,6,14
Baby,"1/30/25, 15:44",Right,7,6,13
Baby,"1/30/25, 13:42",Left,3,5,8
Baby,"1/30/25, 11:24",Right,6,6,12
Baby,"1/30/25, 08:11",Left,10,,10
Baby,"1/30/25, 05:41",Right,,23,23
Baby,"1/30/25, 04:53",Right,,6,6
Baby,"1/30/25, 03:26",Right,,26,26
Baby,"1/30/25, 01:02",Left,45,,45
Baby,"1/29/25, 20:23",Right,8,6,14
Baby,"1/29/25, 16:27",Left,3,,3
Baby,"1/29/25, 15:19",Right,,40,40
Baby,"1/29/25, 13:28",Left,3,,3
Baby,"1/29/25, 12:28",Right,,35,35
Baby,"1/29/25, 11:34",Right,3,5,8
Baby,"1/29/25, 09:56",Left,5,3,8
Baby,"1/29/25, 06:59",Right,,3,3
Baby,"1/29/25, 05:00",Left,79,,79
Baby,"1/29/25, 04:36",Left,11,,11
Baby,"1/29/25, 01:00",Left,18,8,26
Baby,"1/28/25, 19:38",Right,,11,11
Baby,"1/28/25, 19:15",Left,4,3,7
Baby,"1/28/25, 10:36",Right,,6,6
Baby,"1/28/25, 10:10",Left,6,,6
Baby,"1/28/25, 07:33",Left,5,2,7
Baby,"1/28/25, 05:17",Left,9,,9
Baby,"1/28/25, 03:56",Right,,17,17
Baby,"1/28/25, 00:04",Left,37,,37
Baby,"1/27/25, 22:12",Right,,34,34
Baby,"1/27/25, 21:40",Left,16,,16
Baby,"1/27/25, 19:10",Left,8,19,27
Baby,"1/27/25, 16:50",Right,,31,31
Baby,"1/27/25, 16:14",Left,3,2,5
Baby,"1/27/25, 14:26",Left,6,4,10
Baby,"1/27/25, 12:05",Right,5,5,10
Baby,"1/27/25, 09:42",Left,42,3,45
Baby,"1/27/25, 05:21",Left,26,,26
Baby,"1/27/25, 04:15",Left,11,,11
Baby,"1/26/25, 16:17",Left,5,1,6
Baby,"1/26/25, 14:10",Right,,4,4
Baby,"1/26/25, 12:54",Right,,41,41
Baby,"1/26/25, 11:47",Left,6,4,10
Baby,"1/26/25, 09:29",Right,,5,5
Baby,"1/26/25, 07:43",Left,6,5,11
Baby,"1/26/25, 05:40",Left,15,,15
Baby,"1/26/25, 04:54",Right,,8,8
Baby,"1/26/25, 02:59",Left,16,,16
Baby,"1/26/25, 01:43",Right,,22,22
Baby,"1/26/25, 00:20",Left,11,,11
Baby,"1/25/25, 20:00",Right,18,25,43
Baby,"1/25/25, 19:04",Right,9,9,18
Baby,"1/25/25, 16:02",Left,7,3,10
Baby,"1/25/25, 15:30",Right,,5,5
Baby,"1/25/25, 14:38",Left,5,,5
Baby,"1/25/25, 10:46",Right,,4,4
Baby,"1/25/25, 09:08",Left,38,,38
Baby,"1/25/25, 07:12",Right,,2,2
Baby,"1/25/25, 06:24",Left,7,,7
Baby,"1/25/25, 04:38",Right,,19,19
Baby,"1/25/25, 02:08",Right,,9,9
Baby,"1/25/25, 01:42",Left,18,,18
Baby,"1/24/25, 19:16",Right,12,26,38
Baby,"1/24/25, 17:11",Left,5,2,7
Baby,"1/24/25, 15:58",Left,6,,6
Baby,"1/24/25, 12:56",Right,,7,7
Baby,"1/24/25, 09:56",Left,7,3,10
Baby,"1/24/25, 06:31",Right,,9,9
Baby,"1/24/25, 05:57",Left,34,,34
Baby,"1/24/25, 03:08",Right,,11,11
Baby,"1/24/25, 02:02",Left,7,,7,
Baby,"1/23/25, 22:13",Right,,37,37
Baby,"1/23/25, 19:33",Left,46,,46
Baby,"1/23/25, 18:44",Right,,7,7
Baby,"1/23/25, 15:23",Right,1,4,5
Baby,"1/23/25, 10:31",Right,,7,7
Baby,"1/22/25, 19:05",Right,6,8,14
Baby,"1/22/25, 17:53",Right,5,4,9
Baby,"1/22/25, 16:43",Left,6,,6
Baby,"1/22/25, 14:33",Right,,52,52
Baby,"1/22/25, 14:13",Right,6,9,15
Baby,"1/22/25, 12:23",Left,11,,11
Baby,"1/22/25, 11:06",Right,6,11,17
Baby,"1/22/25, 09:27",Left,6,,6
Baby,"1/22/25, 05:37",Right,,49,49
Baby,"1/22/25, 02:57",Left,23,,23
Baby,"1/22/25, 01:18",Right,,10,10
Baby,"1/22/25, 00:56",Right,,11,11
Baby,"1/21/25, 22:31",Left,9,,9
Baby,"1/21/25, 21:40",Left,18,,18
Baby,"1/21/25, 19:13",Right,,57,57
Baby,"1/21/25, 17:44",Left,5,,5
Baby,"1/21/25, 16:18",Right,,5,5
Baby,"1/21/25, 14:44",Left,3,,3
Baby,"1/21/25, 12:46",Left,7,,7
Baby,"1/21/25, 11:19",Right,,4,4
Baby,"1/21/25, 10:06",Left,6,,6
Baby,"1/21/25, 07:15",Right,,4,4
Baby,"1/21/25, 02:19",Right,,10,10
Baby,"1/20/25, 22:36",Left,11,,11
Baby,"1/20/25, 18:51",Right,,40,40
Baby,"1/20/25, 16:53",Left,4,4,8
Baby,"1/20/25, 15:43",Right,,4,4
Baby,"1/20/25, 13:12",Left,7,36,43
Baby,"1/20/25, 11:13",Right,,5,5
Baby,"1/20/25, 09:49",Left,7,5,12
Baby,"1/20/25, 08:15",Right,,4,4
Baby,"1/20/25, 05:28",Left,12,,12
Baby,"1/20/25, 02:11",Left,17,,17
Baby,"1/19/25, 23:25",Right,,11,11
Baby,"1/19/25, 19:32",Left,36,,36
Baby,"1/19/25, 16:16",Right,5,5,10
Baby,"1/19/25, 14:06",Left,6,,6
Baby,"1/19/25, 12:07",Right,,37,37
Baby,"1/19/25, 09:49",Left,6,,6
Baby,"1/19/25, 06:13",Right,,7,7
Baby,"1/19/25, 03:49",Right,,6,6
Baby,"1/19/25, 01:27",Left,27,,27
Baby,"1/18/25, 22:31",Left,20,,20
Baby,"1/18/25, 18:49",Right,,39,39
Baby,"1/18/25, 16:23",Right,5,5,10
Baby,"1/18/25, 14:30",Left,6,,6
Baby,"1/18/25, 12:34",Right,,2,2
Baby,"1/18/25, 11:40",Left,5,,5
Baby,"1/18/25, 10:18",Right,,5,5
Baby,"1/18/25, 06:14",Left,13,,13
Baby,"1/18/25, 03:56",Right,,11,11
Baby,"1/18/25, 01:27",Left,25,,25
Baby,"1/18/25, 01:27",Left,25,,25
Baby,"1/17/25, 23:21",Left,3,,3
Baby,"1/17/25, 23:00",Left,9,,9
Baby,"1/17/25, 19:33",Right,,57,57
Baby,"1/17/25, 17:40",Left,3,,3
Baby,"1/17/25, 16:33",Right,3,5,8
Baby,"1/17/25, 13:19",Left,4,,4
Baby,"1/17/25, 12:20",Right,4,3,7
Baby,"1/17/25, 11:55",Right,,2,2
Baby,"1/17/25, 10:03",Left,8,1,9
Baby,"1/17/25, 07:03",Right,,3,3
Baby,"1/17/25, 04:03",Left,44,,44
Baby,"1/17/25, 01:44",Right,,25,25
Baby,"1/16/25, 22:19",Left,19,,19
Baby,"1/16/25, 20:22",Right,,26,26
Baby,"1/16/25, 19:14",Left,4,,4
Baby,"1/16/25, 17:14",Right,5,5,10
Baby,"1/16/25, 15:24",Right,5,7,12
Baby,"1/16/25, 13:39",Left,8,2,10
Baby,"1/16/25, 12:58",Right,,3,3
Baby,"1/16/25, 10:25",Left,6,1,7
Baby,"1/16/25, 07:00",Right,,4,4
Baby,"1/16/25, 05:10",Left,31,,31
Baby,"1/16/25, 04:42",Left,14,,14
Baby,"1/16/25, 02:33",Right,,71,71
Baby,"1/15/25, 23:06",Left,22,,22
Baby,"1/15/25, 20:00",Right,14,6,20
Baby,"1/15/25, 17:39",Right,,6,6
Baby,"1/15/25, 16:41",Left,6,1,7
Baby,"1/15/25, 15:41",Right,,2,2
Baby,"1/15/25, 14:10",Left,5,,5
Baby,"1/15/25, 12:46",Right,,28,28
Baby,"1/15/25, 10:36",Left,6,3,9
Baby,"1/15/25, 06:59",Right,,4,4
Baby,"1/15/25, 05:05",Left,21,,21
Baby,"1/15/25, 03:09",Right,,13,13
Baby,"1/14/25, 23:51",Left,21,,21
Baby,"1/14/25, 19:38",Right,20,25,45
Baby,"1/14/25, 17:10",Left,13,,13
Baby,"1/14/25, 16:07",Right,,34,34
Baby,"1/14/25, 14:44",Left,5,1,6
Baby,"1/14/25, 13:01",Right,,38,38
Baby,"1/14/25, 10:57",Left,4,3,7
Baby,"1/14/25, 08:44",Right,4,5,9
Baby,"1/14/25, 07:19",Right,,5,5
Baby,"1/14/25, 06:01",Left,61,,61
Baby,"1/14/25, 02:48",Left,5,,5
Baby,"1/14/25, 02:21",Right,,11,11
Baby,"1/13/25, 20:05",Right,,2,2
Baby,"1/13/25, 19:16",Left,5,,5
Baby,"1/13/25, 17:47",Right,,6,6
Baby,"1/13/25, 16:41",Left,27,3,30
Baby,"1/13/25, 15:08",Right,5,5,10
Baby,"1/13/25, 12:40",Right,4,7,11
Baby,"1/13/25, 10:24",Left,5,1,6
Baby,"1/13/25, 06:12",Right,,45,45
Baby,"1/13/25, 03:26",Left,4,17,21
Baby,"1/13/25, 01:10",Left,27,,27
Baby,"1/12/25, 23:28",Right,,4,4
Baby,"1/12/25, 22:42",Right,,10,10
Baby,"1/12/25, 21:30",Right,,15,15
Baby,"1/12/25, 19:39",Right,7,29,36
Baby,"1/12/25, 17:26",Left,6,1,7
Baby,"1/12/25, 15:41",Right,1,5,6
Baby,"1/12/25, 14:30",Left,4,,4
Baby,"1/12/25, 11:52",Right,3,9,12
Baby,"1/12/25, 08:43",Left,6,14,20
Baby,"1/12/25, 07:02",Right,1,4,5
Baby,"1/12/25, 03:53",Right,30,27,57
Baby,"1/11/25, 21:55",Left,14,,14
Baby,"1/11/25, 19:48",Right,20,32,52
Baby,"1/11/25, 17:54",Left,5,3,8
Baby,"1/11/25, 16:15",Right,,8,8
Baby,"1/11/25, 15:09",Left,3,,3
Baby,"1/11/25, 13:54",Right,,6,6
Baby,"1/11/25, 12:09",Left,4,,4
Baby,"1/11/25, 10:53",Right,,7,7
Baby,"1/11/25, 08:45",Left,6,,6
Baby,"1/11/25, 05:34",Right,3,17,20
Baby,"1/11/25, 02:34",Left,12,,12
Baby,"1/10/25, 23:12",Right,,37,37
Baby,"1/10/25, 19:34",Right,29,14,43
Baby,"1/10/25, 17:39",Left,5,6,11
Baby,"1/10/25, 15:22",Right,3,1,4
Baby,"1/10/25, 14:14",Left,12,3,15
Baby,"1/10/25, 13:26",Right,,32,32
Baby,"1/10/25, 12:39",Right,1,4,5
Baby,"1/10/25, 11:11",Right,,3,3
Baby,"1/10/25, 09:25",Left,48,,48
Baby,"1/10/25, 08:59",Right,,6,6
Baby,"1/10/25, 07:29",Left,4,,4
Baby,"1/10/25, 05:13",Right,,23,23
Baby,"1/10/25, 01:34",Left,30,,30
Baby,"1/9/25, 21:29",Right,,24,24
Baby,"1/9/25, 18:25",Right,21,58,79
Baby,"1/9/25, 17:15",Right,1,3,4
Baby,"1/9/25, 15:37",Right,,3,3
Baby,"1/9/25, 14:26",Left,36,,36
Baby,"1/9/25, 13:44",Left,3,2,5
Baby,"1/9/25, 12:25",Left,6,,6
Baby,"1/9/25, 10:55",Right,,14,14
Baby,"1/9/25, 08:06",Left,8,,8
Baby,"1/9/25, 06:57",Left,2,,2
Baby,"1/9/25, 05:29",Right,,53,53
Baby,"1/9/25, 01:04",Left,10,42,52
Baby,"1/8/25, 17:08",Left,60,18,78
Baby,"1/8/25, 12:27",Right,,5,5
Baby,"1/8/25, 11:32",Right,,7,7
Baby,"1/8/25, 10:01",Right,,3,3
Baby,"1/8/25, 08:29",Left,48,,48
Baby,"1/8/25, 06:28",Left,1,21,22
Baby,"1/8/25, 03:26",Left,15,14,29
Baby,"1/7/25, 23:13",Right,,31,31
Baby,"1/7/25, 19:10",Right,23,5,28
Baby,"1/7/25, 17:41",Left,5,5,10
Baby,"1/7/25, 15:43",Right,,32,32
Baby,"1/7/25, 13:36",Left,5,,5
Baby,"1/7/25, 09:35",Right,,43,43
Baby,"1/7/25, 08:48",Right,3,3,6
Baby,"1/7/25, 08:33",Right,,4,4
Baby,"1/7/25, 04:50",Right,,63,63
Baby,"1/7/25, 00:17",Left,15,,15
Baby,"1/6/25, 19:51",Right,,56,56
Baby,"1/6/25, 17:17",Left,6,,6
Baby,"1/6/25, 15:55",Right,,3,3
Baby,"1/6/25, 15:28",Right,,9,9
Baby,"1/6/25, 14:54",Right,,2,2
Baby,"1/6/25, 12:01",Left,8,,8
Baby,"1/6/25, 11:07",Right,,3,3
Baby,"1/6/25, 10:38",Left,3,,3
Baby,"1/6/25, 10:04",Right,,4,4
Baby,"1/6/25, 06:42",Left,6,,6
Baby,"1/6/25, 04:38",Right,,11,11
Baby,"1/6/25, 01:09",Right,7,35,42
Baby,"1/5/25, 19:52",Left,40,,40
Baby,"1/5/25, 18:23",Right,,8,8
Baby,"1/5/25, 16:20",Left,4,,4
Baby,"1/5/25, 14:00",Right,2,5,7
Baby,"1/5/25, 11:59",Left,32,,32
Baby,"1/5/25, 11:03",Right,,4,4
Baby,"1/5/25, 09:28",Left,5,,5
Baby,"1/5/25, 08:26",Right,,13,13
Baby,"1/5/25, 06:44",Right,,4,4
Baby,"1/5/25, 04:13",Left,50,,50
Baby,"1/4/25, 23:12",Right,,11,11
Baby,"1/4/25, 19:48",Left,48,,48
Baby,"1/4/25, 18:52",Left,2,3,5
Baby,"1/4/25, 16:59",Right,,9,9
Baby,"1/4/25, 16:13",Right,,33,33
Baby,"1/4/25, 15:46",Left,4,,4
Baby,"1/4/25, 13:58",Right,2,4,6
Baby,"1/4/25, 12:00",Left,31,,31
Baby,"1/4/25, 11:26",Right,,4,4
Baby,"1/4/25, 10:17",Left,5,1,6
Baby,"1/4/25, 08:49",Right,,7,7
Baby,"1/4/25, 07:30",Left,6,2,8
Baby,"1/4/25, 05:43",Right,,17,17
Baby,"1/4/25, 03:22",Left,67,,67
Baby,"1/3/25, 23:55",Right,,17,17
Baby,"1/3/25, 22:12",Left,27,,27
Baby,"1/3/25, 21:35",Right,,14,14
Baby,"1/3/25, 18:18",Left,58,,58
Baby,"1/3/25, 17:50",Right,,5,5
Baby,"1/3/25, 16:34",Left,5,1,6
Baby,"1/3/25, 14:31",Right,,32,32
Baby,"1/3/25, 13:13",Left,4,,4
Baby,"1/3/25, 12:20",Right,4,7,11
Baby,"1/3/25, 10:20",Left,9,,9
Baby,"1/3/25, 09:45",Right,1,8,9
Baby,"1/3/25, 05:32",Left,9,,9
Baby,"1/3/25, 04:11",Right,,62,62
Baby,"1/3/25, 02:51",Left,14,,14
Baby,"1/2/25, 20:46",Right,,47,47
Baby,"1/2/25, 19:46",Right,5,5,10
Baby,"1/2/25, 17:50",Left,5,4,9
Baby,"1/2/25, 16:14",Right,6,16,22
Baby,"1/2/25, 14:05",Right,3,5,8
Baby,"1/2/25, 13:16",Left,5,,5
Baby,"1/2/25, 11:01",Right,,34,34
Baby,"1/2/25, 09:56",Right,4,4,8
Baby,"1/2/25, 08:14",Right,,37,37
Baby,"1/2/25, 06:14",Left,19,,19
Baby,"1/2/25, 02:16",Right,,71,71
Baby,"1/1/25, 21:37",Left,69,,69
Baby,"1/1/25, 20:42",Right,,29,29
Baby,"1/1/25, 19:21",Left,28,,28
Baby,"1/1/25, 18:46",Right,,6,6
Baby,"1/1/25, 17:02",Left,7,5,12
Baby,"1/1/25, 14:36",Right,3,5,8
Baby,"1/1/25, 12:11",Left,6,,6
Baby,"1/1/25, 10:03",Right,,45,45
Baby,"1/1/25, 09:02",Left,5,,5
Baby,"1/1/25, 07:23",Right,,39,39
Baby,"1/1/25, 03:14",Left,24,,24
Baby,"1/1/25, 02:15",Right,,33,33
Baby,"12/31/24, 21:12",Left,9,,9
Baby,"12/31/24, 19:51",Right,15,10,25
Baby,"12/31/24, 19:02",Right,,4,4
Baby,"12/31/24, 16:48",Left,38,5,43
Baby,"12/31/24, 15:50",Right,,3,3
Baby,"12/31/24, 15:02",Left,5,,5
Baby,"12/31/24, 13:09",Right,,62,62
Baby,"12/31/24, 11:38",Left,6,3,9
Baby,"12/31/24, 08:38",Right,,35,35
Baby,"12/31/24, 05:15",Left,56,,56
Baby,"12/31/24, 02:37",Right,,26,26
Baby,"12/30/24, 20:36",Left,47,,47
Baby,"12/30/24, 19:29",Right,,5,5
Baby,"12/30/24, 16:48",Right,,29,29
Baby,"12/30/24, 14:38",Left,7,3,10
Baby,"12/30/24, 12:15",Left,30,4,34
Baby,"12/30/24, 10:34",Right,2,6,8
Baby,"12/30/24, 08:34",Left,9,,9
Baby,"12/30/24, 06:11",Right,6,24,30
Baby,"12/30/24, 03:28",Left,18,6,24
Baby,"12/29/24, 20:42",Right,,7,7
Baby,"12/29/24, 19:48",Left,45,,45
Baby,"12/29/24, 19:19",Right,,3,3
Baby,"12/29/24, 17:51",Left,5,2,7
Baby,"12/29/24, 16:48",Left,7,8,15
Baby,"12/29/24, 15:18",Left,3,,3
Baby,"12/29/24, 12:11",Right,37,7,44
Baby,"12/29/24, 10:31",Left,5,1,6
Baby,"12/29/24, 08:38",Right,,16,16
Baby,"12/29/24, 07:13",Left,5,,5
Baby,"12/29/24, 04:21",Right,4,13,17
Baby,"12/28/24, 19:27",Right,30,11,41
Baby,"12/28/24, 17:30",Right,,5,5
Baby,"12/28/24, 15:54",Left,23,,23
Baby,"12/28/24, 14:15",Right,5,5,10
Baby,"12/28/24, 10:57",Left,10,7,17
Baby,"12/28/24, 08:05",Left,5,,5
Baby,"12/28/24, 06:42",Left,8,,8
Baby,"12/28/24, 03:01",Left,6,,6
Baby,"12/28/24, 01:17",Right,,13,13
Baby,"12/27/24, 20:19",Left,39,,39
Baby,"12/27/24, 18:19",Right,,13,13
Baby,"12/27/24, 17:11",Left,28,,28
Baby,"12/27/24, 16:12",Right,,3,3
Baby,"12/27/24, 13:38",Left,34,,34
Baby,"12/27/24, 12:35",Right,1,4,5
Baby,"12/27/24, 10:03",Right,,9,9
Baby,"12/27/24, 07:22",Left,47,,47
Baby,"12/27/24, 05:27",Left,7,,7
Baby,"12/27/24, 04:52",Right,,9,9
Baby,"12/26/24, 23:12",Left,39,,39
Baby,"12/26/24, 20:05",Right,,11,11
Baby,"12/26/24, 19:18",Right,3,8,11
Baby,"12/26/24, 17:17",Right,,7,7
Baby,"12/26/24, 15:14",Left,31,,31
Baby,"12/26/24, 14:02",Left,6,,6
Baby,"12/26/24, 11:46",Right,,55,55
Baby,"12/26/24, 09:41",Left,38,,38
Baby,"12/26/24, 07:07",Right,4,7,11
Baby,"12/26/24, 04:53",Right,,16,16
Baby,"12/26/24, 03:19",Left,12,,12
Baby,"12/25/24, 20:28",Right,,23,23
Baby,"12/25/24, 18:18",Left,5,,5
Baby,"12/25/24, 17:03",Right,2,4,6
Baby,"12/25/24, 15:22",Left,4,,4
Baby,"12/25/24, 14:33",Left,8,,8
Baby,"12/25/24, 14:03",Right,,6,6
Baby,"12/25/24, 10:48",Left,7,,7
Baby,"12/25/24, 08:33",Right,,42,42
Baby,"12/25/24, 07:02",Right,,5,5
Baby,"12/25/24, 06:40",Left,8,,8
Baby,"12/24/24, 23:36",Left,18,,18
Baby,"12/24/24, 20:39",Right,,18,18
Baby,"12/24/24, 19:18",Left,7,1,8
Baby,"12/24/24, 17:14",Right,6,4,10
Baby,"12/24/24, 14:31",Left,5,,5
Baby,"12/24/24, 10:48",Right,3,6,9
Baby,"12/24/24, 06:19",Left,24,4,28
Baby,"12/24/24, 02:54",Right,10,13,23
Baby,"12/23/24, 22:03",Left,6,,6
Baby,"12/23/24, 19:28",Right,,46,46
Baby,"12/23/24, 18:00",Left,8,,8
Baby,"12/23/24, 15:54",Right,,37,37
Baby,"12/23/24, 11:54",Left,6,,6
Baby,"12/23/24, 09:32",Right,,39,39
Baby,"12/23/24, 06:50",Left,15,,15
Baby,"12/23/24, 05:14",Right,,12,12
Baby,"12/22/24, 23:59",Left,31,,31
Baby,"12/22/24, 20:25",Right,,27,27
Baby,"12/22/24, 19:06",Left,5,,5
Baby,"12/22/24, 15:21",Right,,34,34
Baby,"12/22/24, 11:57",Left,6,,6
Baby,"12/22/24, 08:28",Right,,48,48
Baby,"12/22/24, 06:52",Right,,9,9
Baby,"12/22/24, 05:26",Left,11,,11
Baby,"12/22/24, 04:58",Left,21,,21
Baby,"12/22/24, 01:35",Right,,12,12
Baby,"12/21/24, 20:49",Left,21,,21
Baby,"12/21/24, 19:56",Right,4,6,10
Baby,"12/21/24, 18:38",Right,,8,8
Baby,"12/21/24, 16:54",Left,7,2,9
Baby,"12/21/24, 14:12",Left,4,,4
Baby,"12/21/24, 12:02",Right,,23,23
Baby,"12/21/24, 09:34",Right,,5,5
Baby,"12/21/24, 09:04",Left,8,,8
Baby,"12/21/24, 05:34",Left,5,,5
Baby,"12/21/24, 04:22",Right,,56,56
Baby,"12/20/24, 21:20",Right,15,8,23
Baby,"12/20/24, 17:16",Left,9,,9
Baby,"12/20/24, 16:55",Right,,7,7
Baby,"12/20/24, 13:04",Left,34,,34
Baby,"12/20/24, 10:27",Right,,21,21
Baby,"12/20/24, 09:57",Right,,11,11
Baby,"12/20/24, 06:02",Left,122,,122
Baby,"12/20/24, 03:37",Right,,11,11
Baby,"12/20/24, 01:38",Left,33,,33
Baby,"12/20/24, 01:11",Left,10,,10
Baby,"12/19/24, 21:17",Right,,9,9
Baby,"12/19/24, 20:18",Right,,9,9
Baby,"12/19/24, 19:53",Left,9,,9
Baby,"12/19/24, 17:20",Right,,6,6
Baby,"12/19/24, 16:12",Left,6,,6
Baby,"12/19/24, 14:18",Right,,8,8
Baby,"12/19/24, 11:32",Left,11,,11
Baby,"12/19/24, 08:08",Right,,77,77
Baby,"12/19/24, 06:22",Left,22,,22
Baby,"12/19/24, 03:52",Right,,51,51
Baby,"12/19/24, 00:14",Left,23,,23
Baby,"12/18/24, 19:24",Right,,22,22
Baby,"12/18/24, 18:00",Left,11,,11
Baby,"12/18/24, 14:38",Right,,36,36
Baby,"12/18/24, 12:23",Left,38,,38
Baby,"12/18/24, 08:29",Right,,30,30
Baby,"12/18/24, 05:40",Left,49,1,50
Baby,"12/18/24, 03:49",Right,11,14,25
Baby,"12/17/24, 19:32",Left,9,,9
Baby,"12/17/24, 17:37",Right,3,12,15
Baby,"12/17/24, 15:49",Left,31,,31
Baby,"12/17/24, 13:37",Right,,3,3
Baby,"12/17/24, 12:47",Right,,32,32
Baby,"12/17/24, 08:30",Left,94,,94
Baby,"12/17/24, 07:05",Right,,13,13
Baby,"12/17/24, 04:05",Left,17,5,22
Baby,"12/16/24, 21:13",Right,,7,7
Baby,"12/16/24, 20:02",Left,10,20,30
Baby,"12/16/24, 17:38",Left,5,,5
Baby,"12/16/24, 15:47",Right,2,6,8
Baby,"12/16/24, 14:17",Right,,10,10
Baby,"12/16/24, 10:08",Right,57,5,62
Baby,"12/16/24, 06:01",Left,77,,77
Baby,"12/16/24, 04:45",Right,,54,54
Baby,"12/16/24, 01:26",Right,5,6,11
Baby,"12/15/24, 19:07",Right,5,7,12
Baby,"12/15/24, 17:37",Left,10,1,11
Baby,"12/15/24, 15:49",Right,1,4,5
Baby,"12/15/24, 13:06",Left,5,2,7
Baby,"12/15/24, 09:46",Right,3,6,9
Baby,"12/15/24, 09:15",Left,5,1,6
Baby,"12/15/24, 04:33",Right,,22,22
Baby,"12/15/24, 02:00",Right,8,7,15
Baby,"12/14/24, 21:18",Right,5,9,14
Baby,"12/14/24, 19:06",Left,27,,27
Baby,"12/14/24, 16:35",Right,3,8,11
Baby,"12/14/24, 14:03",Right,,3,3
Baby,"12/14/24, 11:44",Left,33,,33
Baby,"12/14/24, 10:17",Left,6,6,12
Baby,"12/14/24, 05:43",Left,16,,16
Baby,"12/14/24, 04:10",Right,,13,13
Baby,"12/14/24, 00:46",Right,,8,8
Baby,"12/14/24, 00:23",Left,11,,11
Baby,"12/13/24, 19:24",Right,,19,19
Baby,"12/13/24, 18:41",Left,8,,8
Baby,"12/13/24, 16:40",Right,1,6,7
Baby,"12/13/24, 14:52",Left,5,,5
Baby,"12/13/24, 14:25",Right,1,5,6
Baby,"12/13/24, 11:40",Left,12,2,14
Baby,"12/13/24, 10:22",Right,,5,5
Baby,"12/13/24, 09:36",Left,5,,5
Baby,"12/13/24, 07:48",Right,,1,1
Baby,"12/13/24, 06:43",Left,12,,12
Baby,"12/13/24, 03:12",Right,,27,27
Baby,"12/13/24, 00:16",Right,,10,10
Baby,"12/12/24, 20:39",Left,13,,13
Baby,"12/12/24, 19:45",Right,12,13,25
Baby,"12/12/24, 18:23",Left,4,,4
Baby,"12/12/24, 16:06",Right,,6,6
Baby,"12/12/24, 13:41",Left,4,2,6
Baby,"12/12/24, 10:53",Right,,2,2
Baby,"12/12/24, 10:13",Left,5,1,6
Baby,"12/12/24, 08:08",Right,,3,3
Baby,"12/12/24, 04:47",Right,,4,4
Baby,"12/12/24, 04:31",Right,,2,2
Baby,"12/12/24, 03:00",Left,12,,12
Baby,"12/12/24, 01:21",Left,10,,10
Baby,"12/11/24, 21:46",Right,9,13,22
Baby,"12/11/24, 18:17",Right,,14,14
Baby,"12/11/24, 17:23",Right,,33,33
Baby,"12/11/24, 15:52",Left,6,1,7
Baby,"12/11/24, 13:24",Right,,6,6
Baby,"12/11/24, 12:08",Left,8,,8
Baby,"12/11/24, 09:07",Right,,7,7
Baby,"12/11/24, 05:23",Right,69,1,70
Baby,"12/11/24, 04:57",Left,10,,10
Baby,"12/11/24, 04:26",Left,5,,5
Baby,"12/11/24, 00:56",Right,,6,6
Baby,"12/11/24, 00:36",Right,,7,7
Baby,"12/10/24, 21:12",Right,12,7,19
Baby,"12/10/24, 18:34",Right,,11,11
Baby,"12/10/24, 18:06",Left,7,5,12
Baby,"12/10/24, 15:27",Right,,30,30
Baby,"12/10/24, 12:39",Left,4,,4
Baby,"12/10/24, 09:36",Right,,15,15
Baby,"12/10/24, 07:24",Left,17,,17
Baby,"12/10/24, 06:25",Left,5,,5
Baby,"12/10/24, 05:19",Right,,4,4
Baby,"12/10/24, 03:52",Left,11,,11
Baby,"12/9/24, 23:26",Right,,72,72
Baby,"12/9/24, 20:24",Right,6,7,13
Baby,"12/9/24, 18:22",Left,5,1,6
Baby,"12/9/24, 15:58",Right,2,5,7
Baby,"12/9/24, 12:18",Left,5,,5
Baby,"12/9/24, 09:07",Right,,26,26
Baby,"12/9/24, 08:01",Right,,3,3
Baby,"12/9/24, 06:43",Left,18,,18
Baby,"12/9/24, 03:50",Left,7,,7
Baby,"12/9/24, 03:03",Right,1,5,6
Baby,"12/8/24, 21:57",Left,8,,8
Baby,"12/8/24, 21:03",Left,5,38,43
Baby,"12/8/24, 19:27",Left,1,,1
Baby,"12/8/24, 17:50",Right,,34,34
Baby,"12/8/24, 14:08",Right,4,35,39
Baby,"12/8/24, 11:21",Left,19,,19
Baby,"12/8/24, 10:35",Right,2,5,7
Baby,"12/8/24, 05:47",Right,9,11,20
Baby,"12/8/24, 02:08",Right,22,4,26
Baby,"12/7/24, 20:40",Right,8,17,25
Baby,"12/7/24, 18:39",Right,4,6,10
Baby,"12/7/24, 13:49",Right,,7,7
Baby,"12/7/24, 12:41",Left,6,2,8
Baby,"12/7/24, 10:10",Right,,6,6
Baby,"12/7/24, 08:09",Left,23,,23
Baby,"12/7/24, 05:35",Right,,15,15
Baby,"12/7/24, 04:20",Right,,7,7
Baby,"12/7/24, 01:26",Left,50,,50
Baby,"12/6/24, 23:58",Left,21,,21
Baby,"12/6/24, 18:16",Right,26,36,62
Baby,"12/6/24, 16:49",Left,3,4,7
Baby,"12/6/24, 13:54",Left,4,2,6
Baby,"12/6/24, 08:12",Right,,44,44
Baby,"12/6/24, 06:24",Right,,1,1
Baby,"12/6/24, 03:50",Left,12,,12
Baby,"12/5/24, 23:30",Right,16,5,21
Baby,"12/5/24, 19:31",Left,12,15,27
Baby,"12/5/24, 17:30",Left,4,,4
Baby,"12/5/24, 16:25",Left,3,2,5
Baby,"12/5/24, 13:54",Right,,4,4
Baby,"12/5/24, 12:21",Left,7,,7
Baby,"12/5/24, 10:08",Right,,11,11
Baby,"12/5/24, 08:03",Left,5,,5
Baby,"12/5/24, 04:02",Right,,91,91
Baby,"12/4/24, 23:13",Left,14,,14
Baby,"12/4/24, 19:52",Left,4,7,11
Baby,"12/4/24, 17:50",Right,,5,5
Baby,"12/4/24, 17:19",Right,,5,5
Baby,"12/4/24, 14:53",Right,21,4,25
Baby,"12/4/24, 09:29",Left,6,15,21
Baby,"12/4/24, 05:43",Right,,46,46
Baby,"12/4/24, 01:10",Left,34,,34
Baby,"12/3/24, 20:19",Right,,13,13
Baby,"12/3/24, 18:22",Left,11,,11
Baby,"12/3/24, 16:53",Right,5,10,15
Baby,"12/3/24, 13:49",Left,36,,36
Baby,"12/3/24, 11:10",Left,4,3,7
Baby,"12/3/24, 08:44",Right,5,10,15
Baby,"12/3/24, 05:05",Left,46,,46
Baby,"12/3/24, 01:17",Right,,27,27
Baby,"12/2/24, 22:00",Right,32,,32
Baby,"12/2/24, 18:29",Right,14,21,35
Baby,"12/2/24, 15:39",Left,23,,23
Baby,"12/2/24, 11:51",Right,,28,28
Baby,"12/2/24, 07:59",Right,,5,5
Baby,"12/2/24, 06:00",Left,22,,22
Baby,"12/2/24, 03:03",Left,21,,21
Baby,"12/1/24, 23:33",Right,,11,11
Baby,"12/1/24, 19:52",Right,25,18,43
Baby,"12/1/24, 17:41",Left,37,,37
Baby,"12/1/24, 16:26",Right,,7,7
Baby,"12/1/24, 14:36",Left,5,4,9
Baby,"12/1/24, 11:31",Left,35,11,46
Baby,"12/1/24, 08:39",Right,,39,39
Baby,"12/1/24, 05:48",Left,52,,52
Baby,"12/1/24, 01:18",Left,91,,91
Baby,"11/30/24, 23:53",Right,,81,81
Baby,"11/30/24, 20:40",Left,18,,18
Baby,"11/30/24, 19:50",Right,,10,10
Baby,"11/30/24, 17:34",Left,5,4,9
Baby,"11/30/24, 16:21",Right,,5,5
Baby,"11/30/24, 13:43",Left,24,,24
Baby,"11/30/24, 08:25",Right,3,8,11
Baby,"11/30/24, 07:27",Right,,2,2
Baby,"11/30/24, 05:48",Left,11,,11
Baby,"11/30/24, 03:46",Left,11,,11
Baby,"11/30/24, 02:05",Right,7,15,22
Baby,"11/29/24, 20:03",Left,14,,14
Baby,"11/29/24, 19:14",Right,,16,16
Baby,"11/29/24, 16:06",Left,7,,7
Baby,"11/29/24, 13:56",Right,1,14,15
Baby,"11/29/24, 11:45",Right,4,6,10
Baby,"11/29/24, 08:43",Left,19,,19
Baby,"11/29/24, 07:04",Right,,3,3
Baby,"11/29/24, 04:25",Right,,144,144
Baby,"11/29/24, 02:55",Left,13,,13
Baby,"11/28/24, 23:44",Left,5,,5
Baby,"11/28/24, 23:06",Right,,15,15
Baby,"11/28/24, 20:19",Left,31,,31
Baby,"11/28/24, 19:51",Left,8,,8
Baby,"11/28/24, 16:44",Left,8,5,13
Baby,"11/28/24, 14:17",Right,,6,6
Baby,"11/28/24, 12:55",Left,5,,5
Baby,"11/28/24, 11:10",Right,,41,41
Baby,"11/28/24, 06:02",Left,39,,39
Baby,"11/28/24, 04:25",Right,,52,52
Baby,"11/28/24, 02:06",Left,8,12,20
Baby,"11/27/24, 20:34",Right,,21,21
Baby,"11/27/24, 17:10",Left,49,,49
Baby,"11/27/24, 14:28",Right,,42,42
Baby,"11/27/24, 13:23",Left,5,,5
Baby,"11/27/24, 12:42",Left,24,,24
Baby,"11/27/24, 08:52",Right,,89,89
Baby,"11/27/24, 06:32",Left,16,,16
Baby,"11/27/24, 06:12",Left,8,,8
Baby,"11/27/24, 03:51",Right,14,15,29
Baby,"11/26/24, 19:52",Right,14,13,27
Baby,"11/26/24, 17:15",Left,19,2,21
Baby,"11/26/24, 15:40",Right,,5,5
Baby,"11/26/24, 13:07",Left,32,,32
Baby,"11/26/24, 11:15",Left,,18,18
Baby,"11/26/24, 09:20",Left,6,,6
Baby,"11/26/24, 06:49",Right,,31,31
Baby,"11/26/24, 05:52",Right,,23,23
Baby,"11/26/24, 02:43",Left,12,,12
Baby,"11/25/24, 22:40",Right,,9,9
Baby,"11/25/24, 18:40",Right,28,7,35
Baby,"11/25/24, 16:15",Right,,43,43
Baby,"11/25/24, 15:48",Left,4,,4
Baby,"11/25/24, 13:46",Right,,46,46
Baby,"11/25/24, 11:49",Left,7,,7
Baby,"11/25/24, 09:29",Right,,58,58
Baby,"11/25/24, 05:36",Right,,47,47
Baby,"11/25/24, 04:06",Left,43,,43
Baby,"11/25/24, 01:39",Right,13,16,29
Baby,"11/24/24, 19:25",Left,12,,12
Baby,"11/24/24, 17:51",Right,,5,5
Baby,"11/24/24, 15:55",Left,7,,7
Baby,"11/24/24, 14:50",Right,,11,11
Baby,"11/24/24, 13:32",Left,4,,4
Baby,"11/24/24, 12:14",Right,,7,7
Baby,"11/24/24, 10:46",Right,,6,6
Baby,"11/24/24, 06:22",Left,19,,19
Baby,"11/24/24, 05:10",Left,71,,71
Baby,"11/24/24, 04:54",Left,13,,13
Baby,"11/24/24, 03:36",Right,,12,12
Baby,"11/24/24, 00:45",Left,19,,19
Baby,"11/23/24, 19:15",Right,30,12,42
Baby,"11/23/24, 17:40",Left,6,,6
Baby,"11/23/24, 16:49",Right,,7,7
Baby,"11/23/24, 14:27",Left,8,,8
Baby,"11/23/24, 12:46",Right,,14,14
Baby,"11/23/24, 11:32",Left,5,,5
Baby,"11/23/24, 09:19",Right,,19,19
Baby,"11/23/24, 06:00",Left,18,,18
Baby,"11/23/24, 04:15",Left,14,,14
Baby,"11/23/24, 03:56",Right,,11,11
Baby,"11/22/24, 21:28",Left,22,,22
Baby,"11/22/24, 19:15",Right,,14,14
Baby,"11/22/24, 17:21",Left,33,,33
Baby,"11/22/24, 14:29",Right,,14,14
Baby,"11/22/24, 12:25",Left,35,,35
Baby,"11/22/24, 09:37",Right,,23,23
Baby,"11/22/24, 06:39",Left,15,,15
Baby,"11/22/24, 04:54",Left,45,,45
Baby,"11/22/24, 02:53",Right,,12,12
Baby,"11/21/24, 23:30",Left,10,,10
Baby,"11/21/24, 18:33",Right,,20,20
Baby,"11/21/24, 17:48",Right,,9,9
Baby,"11/21/24, 16:44",Right,,5,5
Baby,"11/21/24, 15:51",Left,24,1,25
Baby,"11/21/24, 13:25",Right,7,17,24
Baby,"11/21/24, 10:18",Right,5,7,12
Baby,"11/21/24, 05:29",Right,45,15,60
Baby,"11/21/24, 03:54",Left,14,,14
Baby,"11/21/24, 01:02",Right,,9,9
Baby,"11/21/24, 00:40",Right,,15,15
Baby,"11/20/24, 20:00",Left,13,,13
Baby,"11/20/24, 16:45",Right,,34,34
Baby,"11/20/24, 14:19",Left,5,3,8
Baby,"11/20/24, 12:08",Left,2,6,8
Baby,"11/20/24, 09:54",Right,,9,9
Baby,"11/20/24, 08:01",Left,8,,8
Baby,"11/20/24, 04:17",Right,,62,62
Baby,"11/20/24, 00:45",Left,21,,21
Baby,"11/19/24, 20:01",Right,9,15,24
Baby,"11/19/24, 18:01",Right,,16,16
Baby,"11/19/24, 15:14",Left,5,3,8
Baby,"11/19/24, 13:07",Right,3,15,18
Baby,"11/19/24, 09:45",Left,5,5,10
Baby,"11/19/24, 05:57",Right,,12,12
Baby,"11/19/24, 03:15",Left,25,,25
Baby,"11/18/24, 21:52",Right,,19,19
Baby,"11/18/24, 19:11",Left,26,,26
Baby,"11/18/24, 17:46",Right,,15,15
Baby,"11/18/24, 15:20",Left,7,13,20
Baby,"11/18/24, 12:30",Right,,6,6
Baby,"11/18/24, 12:00",Left,4,,4
Baby,"11/18/24, 10:55",Right,,31,31
Baby,"11/18/24, 08:23",Right,16,3,19
Baby,"11/18/24, 05:32",Right,,43,43
Baby,"11/18/24, 04:09",Left,72,,72
Baby,"11/18/24, 02:11",Right,17,4,21
Baby,"11/17/24, 20:15",Right,11,11,22
Baby,"11/17/24, 16:25",Right,34,4,38
Baby,"11/17/24, 14:50",Left,7,1,8
Baby,"11/17/24, 12:46",Right,7,9,16
Baby,"11/17/24, 10:13",Left,21,,21
Baby,"11/17/24, 09:00",Right,,21,21
Baby,"11/17/24, 05:30",Left,24,,24
Baby,"11/17/24, 02:35",Right,15,8,23
Baby,"11/16/24, 20:33",Left,20,,20
Baby,"11/16/24, 19:09",Right,,6,6
Baby,"11/16/24, 18:01",Right,10,16,26
Baby,"11/16/24, 15:40",Left,15,4,19
Baby,"11/16/24, 13:09",Right,,40,40
Baby,"11/16/24, 11:29",Left,18,,18
Baby,"11/16/24, 08:51",Right,,43,43
Baby,"11/16/24, 06:01",Left,7,,7
Baby,"11/16/24, 04:17",Right,7,8,15
Baby,"11/15/24, 19:00",Left,9,,9
Baby,"11/15/24, 16:28",Right,,24,24
Baby,"11/15/24, 16:02",Right,,5,5
Baby,"11/15/24, 14:11",Left,23,,23
Baby,"11/15/24, 11:33",Left,6,5,11
Baby,"11/15/24, 09:08",Right,2,6,8
Baby,"11/15/24, 06:57",Right,,4,4
Baby,"11/15/24, 03:54",Left,26,,26
Baby,"11/14/24, 23:17",Right,,16,16
Baby,"11/14/24, 18:53",Left,18,,18
Baby,"11/14/24, 17:34",Right,3,9,12
Baby,"11/14/24, 15:48",Left,10,,10
Baby,"11/14/24, 13:14",Right,,14,14
Baby,"11/14/24, 10:14",Right,,19,19
Baby,"11/14/24, 06:58",Left,26,,26
Baby,"11/14/24, 04:39",Right,15,8,23
Baby,"11/14/24, 03:13",Left,12,,12
Baby,"11/13/24, 23:47",Right,6,9,15
Baby,"11/13/24, 19:35",Left,23,,23
Baby,"11/13/24, 17:42",Right,2,11,13
Baby,"11/13/24, 16:13",Right,,14,14
Baby,"11/13/24, 15:31",Left,15,,15
Baby,"11/13/24, 13:03",Left,44,,44
Baby,"11/13/24, 10:59",Right,,7,7
Baby,"11/13/24, 08:33",Left,30,,30
Baby,"11/13/24, 05:27",Right,,135,135
Baby,"11/13/24, 04:03",Left,13,,13
Baby,"11/13/24, 01:13",Right,8,8,16
Baby,"11/12/24, 19:39",Left,30,,30
Baby,"11/12/24, 18:40",Right,,17,17
Baby,"11/12/24, 15:53",Right,2,54,56
Baby,"11/12/24, 13:52",Left,10,1,11
Baby,"11/12/24, 12:40",Right,,4,4
Baby,"11/12/24, 09:53",Left,15,,15
Baby,"11/12/24, 08:55",Left,5,,5
Baby,"11/12/24, 07:54",Right,3,17,20
Baby,"11/12/24, 06:37",Right,4,5,9
Baby,"11/12/24, 02:35",Right,6,10,16
Baby,"11/11/24, 23:00",Right,5,16,21
Baby,"11/11/24, 18:35",Right,39,10,49
Baby,"11/11/24, 17:25",Right,,4,4
Baby,"11/11/24, 15:47",Left,7,,7
Baby,"11/11/24, 14:10",Right,,4,4
Baby,"11/11/24, 10:53",Left,48,,48
Baby,"11/11/24, 08:30",Right,1,7,8
Baby,"11/11/24, 06:40",Right,,3,3
Baby,"11/11/24, 05:36",Left,11,,11
Baby,"11/11/24, 04:15",Right,,10,10
Baby,"11/11/24, 01:44",Left,10,,10
Baby,"11/10/24, 19:37",Right,8,14,22
Baby,"11/10/24, 17:39",Right,1,6,7
Baby,"11/10/24, 15:18",Left,6,,6
Baby,"11/10/24, 13:00",Right,5,5,10
Baby,"11/10/24, 10:27",Left,7,,7
Baby,"11/10/24, 09:34",Left,5,5,10
Baby,"11/10/24, 07:09",Right,,49,49
Baby,"11/10/24, 05:39",Left,3,1,4
Baby,"11/10/24, 03:42",Left,12,,12
Baby,"11/10/24, 03:10",Right,,10,10
Baby,"11/9/24, 23:53",Left,8,2,10
Baby,"11/9/24, 17:59",Right,12,23,35
Baby,"11/9/24, 14:57",Left,9,5,14
Baby,"11/9/24, 13:27",Left,,18,18
Baby,"11/9/24, 11:04",Right,12,10,22
Baby,"11/9/24, 05:42",Left,37,,37
Baby,"11/9/24, 03:14",Right,,27,27
Baby,"11/9/24, 00:56",Left,16,,16
Baby,"11/8/24, 21:33",Left,5,17,22
Baby,"11/8/24, 17:55",Right,,21,21
Baby,"11/8/24, 15:56",Left,19,3,22
Baby,"11/8/24, 15:01",Right,3,8,11
Baby,"11/8/24, 12:07",Left,28,7,35
Baby,"11/8/24, 08:55",Right,37,18,55
Baby,"11/8/24, 05:02",Left,17,20,37
Baby,"11/8/24, 01:42",Right,5,24,29
Baby,"11/7/24, 19:09",Right,18,29,47
Baby,"11/7/24, 16:42",Right,,8,8
Baby,"11/7/24, 14:26",Left,44,,44
Baby,"11/7/24, 11:56",Right,4,22,26
Baby,"11/7/24, 10:27",Left,16,4,20
Baby,"11/7/24, 08:27",Right,3,25,28
Baby,"11/7/24, 06:12",Left,27,22,49
Baby,"11/7/24, 03:23",Right,15,22,37
Baby,"11/6/24, 22:08",Right,18,12,30
Baby,"11/6/24, 20:35",Left,16,,16
Baby,"11/6/24, 18:19",Left,26,16,42
Baby,"11/6/24, 15:49",Right,17,18,35
Baby,"11/6/24, 13:22",Left,16,23,39
Baby,"11/6/24, 09:39",Left,17,29,46
Baby,"11/6/24, 07:21",Right,,18,18
Baby,"11/6/24, 05:46",Left,13,5,18
Baby,"11/6/24, 02:58",Right,20,16,36
Baby,"11/5/24, 18:36",Left,43,,43
Baby,"11/5/24, 17:46",Right,,8,8
Baby,"11/5/24, 16:22",Left,21,,21
Baby,"11/5/24, 13:43",Right,17,13,30
Baby,"11/5/24, 11:07",Right,21,16,37
Baby,"11/5/24, 08:29",Left,21,,21
Baby,"11/5/24, 07:39",Right,,24,24
Baby,"11/5/24, 05:43",Left,36,,36
Baby,"11/5/24, 02:20",Right,,25,25
Baby,"11/4/24, 20:08",Right,,19,19
Baby,"11/4/24, 18:26",Right,15,12,27
Baby,"11/4/24, 16:11",Left,8,,8
Baby,"11/4/24, 12:58",Right,15,12,27
Baby,"11/4/24, 09:51",Left,10,14,24
Baby,"11/4/24, 06:38",Left,12,11,23
Baby,"11/4/24, 04:30",Right,7,10,17
Baby,"11/4/24, 01:56",Left,14,,14
Baby,"11/3/24, 20:13",Right,10,15,25
Baby,"11/3/24, 17:24",Left,15,13,28
Baby,"11/3/24, 16:35",Right,,8,8
Baby,"11/3/24, 15:26",Left,16,,16
Baby,"11/3/24, 14:13",Right,,14,14
Baby,"11/3/24, 12:35",Left,9,5,14
Baby,"11/3/24, 11:04",Left,10,7,17
Baby,"11/3/24, 07:50",Right,12,16,28
Baby,"11/3/24, 06:20",Left,15,,15
Baby,"11/3/24, 03:27",Right,3,12,15
Baby,"11/2/24, 20:30",Left,12,14,26
Baby,"11/2/24, 19:48",Right,,15,15
Baby,"11/2/24, 19:12",Right,,6,6
Baby,"11/2/24, 17:15",Left,7,3,10
Baby,"11/2/24, 15:20",Right,7,16,23
Baby,"11/2/24, 12:50",Right,8,10,18
Baby,"11/2/24, 11:09",Right,7,12,19
Baby,"11/2/24, 08:49",Right,4,15,19
Baby,"11/2/24, 06:19",Right,5,18,23
Baby,"11/2/24, 03:09",Left,14,6,20
Baby,"11/1/24, 20:38",Right,17,23,40
Baby,"11/1/24, 19:08",Left,12,,12
Baby,"11/1/24, 17:35",Right,12,15,27
Baby,"11/1/24, 15:03",Left,7,,7
Baby,"11/1/24, 11:25",Right,,19,19
Baby,"11/1/24, 08:09",Left,12,12,24
Baby,"11/1/24, 04:43",Right,6,8,14
Baby,"10/31/24, 20:35",Right,,14,14
Baby,"10/31/24, 18:47",Right,18,5,23
Baby,"10/31/24, 16:15",Left,7,,7
Baby,"10/31/24, 13:07",Left,5,12,17
Baby,"10/31/24, 09:51",Right,5,15,20
Baby,"10/31/24, 06:54",Right,,15,15
Baby,"10/31/24, 06:24",Left,17,,17
Baby,"10/31/24, 03:41",Right,9,10,19
Baby,"10/30/24, 20:40",Right,8,16,24
Baby,"10/30/24, 17:42",Right,14,8,22
Baby,"10/30/24, 15:52",Left,6,10,16
Baby,"10/30/24, 13:18",Right,15,12,27
Baby,"10/30/24, 10:38",Left,7,4,11
Baby,"10/30/24, 08:34",Right,8,11,19
Baby,"10/30/24, 05:10",Left,8,6,14
Baby,"10/29/24, 20:50",Right,7,9,16
Baby,"10/29/24, 18:19",Left,13,15,28
Baby,"10/29/24, 15:49",Right,1,13,14
Baby,"10/29/24, 14:07",Left,16,8,24
Baby,"10/29/24, 11:30",Left,16,10,26
Baby,"10/29/24, 08:54",Right,5,5,10
Baby,"10/29/24, 06:27",Left,16,,16
Baby,"10/29/24, 05:22",Right,,8,8
Baby,"10/29/24, 02:53",Left,9,1,10
Baby,"10/28/24, 21:02",Right,6,8,14
Baby,"10/28/24, 19:26",Left,9,11,20
Baby,"10/28/24, 17:09",Right,3,13,16
Baby,"10/28/24, 14:11",Left,16,19,35
Baby,"10/28/24, 11:21",Right,14,16,30
Baby,"10/28/24, 09:11",Left,6,5,11
Baby,"10/28/24, 07:17",Right,1,8,9
Baby,"10/28/24, 05:51",Left,5,,5
Baby,"10/28/24, 02:04",Right,,7,7
Baby,"10/27/24, 20:22",Right,7,10,17
Baby,"10/27/24, 18:47",Left,11,10,21
Baby,"10/27/24, 16:33",Right,8,6,14
Baby,"10/27/24, 14:00",Right,,7,7
Baby,"10/27/24, 13:06",Left,12,,12
Baby,"10/27/24, 10:54",Right,10,11,21
Baby,"10/27/24, 08:52",Right,,6,6
Baby,"10/27/24, 07:48",Left,9,,9
Baby,"10/27/24, 04:53",Right,11,5,16
Baby,"10/26/24, 19:54",Right,12,15,27
Baby,"10/26/24, 17:34",Left,8,7,15
Baby,"10/26/24, 14:43",Right,1,15,16
Baby,"10/26/24, 10:57",Left,11,22,33
Baby,"10/26/24, 07:41",Right,5,20,25
Baby,"10/26/24, 04:15",Left,17,9,26
Baby,"10/25/24, 19:14",Right,20,12,32
Baby,"10/25/24, 17:22",Left,10,13,23
Baby,"10/25/24, 14:28",Left,28,9,37
Baby,"10/25/24, 11:12",Right,13,16,29
Baby,"10/25/24, 08:21",Left,6,,6
Baby,"10/25/24, 07:41",Right,6,11,17
Baby,"10/25/24, 04:33",Left,8,,8
Baby,"10/25/24, 03:22",Right,,8,8
Baby,"10/25/24, 02:05",Left,7,,7
Baby,"10/25/24, 00:48",Right,,10,10
Baby,"10/24/24, 20:07",Right,13,15,28
Baby,"10/24/24, 18:23",Left,5,16,21
Baby,"10/24/24, 17:02",Right,4,8,12
Baby,"10/24/24, 13:50",Left,18,5,23
Baby,"10/24/24, 11:36",Right,11,15,26
Baby,"10/24/24, 09:07",Left,8,6,14
Baby,"10/24/24, 07:08",Right,11,12,23
Baby,"10/24/24, 05:14",Right,8,9,17
Baby,"10/23/24, 20:21",Left,15,5,20
Baby,"10/23/24, 19:05",Right,13,9,22
Baby,"10/23/24, 16:23",Left,8,9,17
Baby,"10/23/24, 13:36",Right,10,9,19
Baby,"10/23/24, 10:18",Left,6,11,17
Baby,"10/23/24, 05:28",Left,11,9,20
Baby,"10/23/24, 01:04",Left,7,13,20
Baby,"10/22/24, 20:26",Right,9,15,24
Baby,"10/22/24, 17:32",Right,6,7,13
Baby,"10/22/24, 14:23",Right,12,7,19
Baby,"10/22/24, 11:43",Left,7,5,12
Baby,"10/22/24, 05:05",Right,,14,14
Baby,"10/22/24, 02:03",Left,9,,9
Baby,"10/21/24, 18:43",Right,10,11,21
Baby,"10/21/24, 17:07",Left,5,7,12
Baby,"10/21/24, 13:58",Right,4,16,20
Baby,"10/21/24, 10:54",Left,16,12,28
Baby,"10/21/24, 07:41",Left,9,6,15
Baby,"10/21/24, 04:33",Left,7,9,16
Baby,"10/21/24, 01:35",Right,1,10,11
Baby,"10/20/24, 19:46",Right,10,10,20
Baby,"10/20/24, 17:54",Left,6,3,9
Baby,"10/20/24, 15:33",Left,6,15,21
Baby,"10/20/24, 13:35",Right,,16,16
Baby,"10/20/24, 10:34",Left,10,12,22
Baby,"10/20/24, 06:46",Left,11,21,32
Baby,"10/20/24, 03:09",Right,4,9,13
Baby,"10/19/24, 21:27",Right,5,13,18
Baby,"10/19/24, 19:00",Left,7,7,14
Baby,"10/19/24, 16:17",Left,35,7,42
Baby,"10/19/24, 14:00",Right,,16,16
Baby,"10/19/24, 12:33",Left,14,10,24
Baby,"10/19/24, 08:26",Right,27,11,38
Baby,"10/19/24, 04:04",Right,4,8,12
Baby,"10/18/24, 21:25",Right,8,7,15
Baby,"10/18/24, 19:28",Left,11,4,15
Baby,"10/18/24, 15:20",Left,11,35,46
Baby,"10/18/24, 13:17",Right,3,29,32
Baby,"10/18/24, 11:28",Left,14,,14
Baby,"10/18/24, 09:46",Right,,14,14
Baby,"10/18/24, 08:22",Left,9,,9
Baby,"10/18/24, 06:25",Left,7,19,26
Baby,"10/18/24, 02:47",Left,9,13,22
Baby,"10/17/24, 20:59",Left,15,24,39
Baby,"10/17/24, 18:14",Left,8,10,18
Baby,"10/17/24, 16:18",Right,2,21,23
Baby,"10/17/24, 14:55",Right,7,4,11
Baby,"10/17/24, 12:38",Left,4,,4
Baby,"10/17/24, 11:03",Right,,25,25
Baby,"10/17/24, 09:59",Left,8,,8
Baby,"10/17/24, 06:10",Left,14,10,24
Baby,"10/17/24, 02:36",Right,9,10,19
Baby,"10/16/24, 19:21",Right,36,9,45
Baby,"10/16/24, 17:23",Right,7,9,16
Baby,"10/16/24, 15:17",Left,17,,17
Baby,"10/16/24, 13:56",Left,4,28,32
Baby,"10/16/24, 12:02",Right,,9,9
Baby,"10/16/24, 11:05",Left,7,,7
Baby,"10/16/24, 08:23",Right,4,15,19
Baby,"10/16/24, 05:32",Left,11,11,22
Baby,"10/16/24, 02:01",Right,2,8,10
Baby,"10/15/24, 19:06",Right,22,11,33
Baby,"10/15/24, 17:16",Right,6,12,18
Baby,"10/15/24, 13:50",Left,7,9,16
Baby,"10/15/24, 11:13",Right,5,14,19
Baby,"10/15/24, 08:54",Right,,11,11
Baby,"10/15/24, 05:49",Left,13,,13
Baby,"10/15/24, 03:19",Left,8,20,28
Baby,"10/14/24, 23:19",Left,5,7,12
Baby,"10/14/24, 19:17",Right,12,9,21
Baby,"10/14/24, 16:33",Left,10,12,22
Baby,"10/14/24, 13:39",Right,15,13,28
Baby,"10/14/24, 10:57",Left,11,31,42
Baby,"10/14/24, 07:59",Right,,4,4
Baby,"10/14/24, 05:50",Right,18,18,36
Baby,"10/14/24, 04:21",Right,,4,4
Baby,"10/14/24, 01:25",Right,3,13,16
Baby,"10/13/24, 19:15",Left,7,5,12
Baby,"10/13/24, 18:04",Right,5,10,15
Baby,"10/13/24, 16:06",Left,7,6,13
Baby,"10/13/24, 10:32",Left,18,6,24
Baby,"10/13/24, 08:11",Left,12,5,17
Baby,"10/13/24, 04:59",Right,4,14,18
Baby,"10/13/24, 00:36",Right,18,12,30
Baby,"10/12/24, 18:52",Right,34,20,54
Baby,"10/12/24, 15:48",Left,42,16,58
Baby,"10/12/24, 13:41",Right,2,10,12
Baby,"10/12/24, 12:40",Right,,13,13
Baby,"10/12/24, 11:41",Left,8,,8
Baby,"10/12/24, 06:50",Right,27,10,37
Baby,"10/12/24, 04:06",Right,6,15,21
Baby,"10/12/24, 00:15",Left,15,11,26
Baby,"10/11/24, 19:20",Left,11,31,42
Baby,"10/11/24, 16:26",Left,16,16,32
Baby,"10/11/24, 11:02",Right,23,10,33
Baby,"10/11/24, 09:28",Left,10,7,17
Baby,"10/11/24, 06:30",Right,7,22,29
Baby,"10/11/24, 04:43",Left,14,11,25
Baby,"10/11/24, 00:54",Left,12,20,32
Baby,"10/10/24, 20:22",Left,10,8,18
Baby,"10/10/24, 17:46",Right,22,12,34
Baby,"10/10/24, 16:15",Left,17,7,24
Baby,"10/10/24, 12:47",Right,9,12,21
Baby,"10/10/24, 10:23",Left,12,10,22
Baby,"10/10/24, 07:47",Left,11,11,22
Baby,"10/10/24, 06:01",Left,8,20,28
Baby,"10/10/24, 02:24",Left,10,8,18
Baby,"10/9/24, 19:25",Left,11,9,20
Baby,"10/9/24, 17:13",Right,6,11,17
Baby,"10/9/24, 11:20",Left,9,,9
Baby,"10/9/24, 09:01",Right,8,12,20
Baby,"10/9/24, 06:02",Right,,13,13
Baby,"10/9/24, 03:02",Left,6,,6
Baby,"10/9/24, 00:52",Left,6,8,14
Baby,"10/8/24, 18:28",Right,14,8,22
Baby,"10/8/24, 16:57",Left,9,3,12
Baby,"10/8/24, 12:05",Right,11,11,22
Baby,"10/8/24, 09:50",Right,6,18,24
Baby,"10/8/24, 06:24",Left,6,13,19
Baby,"10/8/24, 04:56",Right,,10,10
Baby,"10/8/24, 01:46",Left,10,1,11
Baby,"10/7/24, 18:54",Left,12,17,29
Baby,"10/7/24, 16:27",Right,5,7,12
Baby,"10/7/24, 14:38",Left,7,,7
Baby,"10/7/24, 13:50",Left,7,13,20
Baby,"10/7/24, 12:03",Right,8,10,18
Baby,"10/7/24, 09:47",Left,8,8,16
Baby,"10/7/24, 07:33",Right,,8,8
Baby,"10/7/24, 06:08",Left,7,,7
Baby,"10/7/24, 02:12",Right,7,9,16
Baby,"10/6/24, 19:09",Left,9,11,20
Baby,"10/6/24, 18:28",Left,5,,5
Baby,"10/6/24, 16:53",Right,,8,8
Baby,"10/6/24, 13:37",Left,7,,7
Baby,"10/6/24, 12:57",Right,2,10,12
Baby,"10/6/24, 10:51",Left,7,5,12
Baby,"10/6/24, 06:38",Right,2,8,10
Baby,"10/6/24, 04:17",Right,,4,4
Baby,"10/6/24, 01:43",Right,,10,10
Baby,"10/5/24, 19:20",Left,8,2,10
Baby,"10/5/24, 16:56",Right,4,7,11
Baby,"10/5/24, 15:51",Left,4,,4
Baby,"10/5/24, 13:11",Right,4,10,14
Baby,"10/5/24, 11:35",Left,15,,15
Baby,"10/5/24, 08:19",Right,,7,7
Baby,"10/5/24, 05:00",Left,6,5,11
Baby,"10/4/24, 23:53",Right,10,7,17
Baby,"10/4/24, 18:39",Left,8,1,9
Baby,"10/4/24, 17:27",Left,2,,2
Baby,"10/4/24, 14:27",Right,6,13,19
Baby,"10/4/24, 11:42",Right,5,14,19
Baby,"10/4/24, 09:00",Left,8,8,16
Baby,"10/4/24, 06:15",Left,11,,11
Baby,"10/4/24, 03:40",Right,3,8,11
Baby,"10/3/24, 21:07",Left,11,3,14
Baby,"10/3/24, 19:48",Left,10,5,15
Baby,"10/3/24, 18:22",Right,,8,8
Baby,"10/3/24, 15:48",Right,10,7,17
Baby,"10/3/24, 13:55",Left,5,,5
Baby,"10/3/24, 12:06",Right,2,9,11
Baby,"10/3/24, 09:56",Left,7,4,11
Baby,"10/3/24, 07:41",Right,9,15,24
Baby,"10/3/24, 05:05",Left,15,,15
Baby,"10/3/24, 03:42",Right,,18,18
Baby,"10/3/24, 00:29",Left,11,1,12
Baby,"10/2/24, 20:49",Right,,13,13
Baby,"10/2/24, 16:55",Right,8,9,17
Baby,"10/2/24, 14:53",Left,7,3,10
Baby,"10/2/24, 11:59",Right,,11,11
Baby,"10/2/24, 10:30",Left,7,7,14
Baby,"10/2/24, 08:01",Right,5,8,13
Baby,"10/2/24, 05:21",Left,7,14,21
Baby,"10/2/24, 02:03",Right,5,6,11
Baby,"10/1/24, 20:36",Left,12,9,21
Baby,"10/1/24, 19:12",Right,9,7,16
Baby,"10/1/24, 17:11",Left,10,12,22
Baby,"10/1/24, 14:53",Right,19,8,27
Baby,"10/1/24, 12:54",Left,7,3,10
Baby,"10/1/24, 08:41",Right,5,15,20
Baby,"10/1/24, 04:55",Right,2,16,18
Baby,"10/1/24, 00:47",Left,14,12,26
Baby,"9/30/24, 19:25",Right,12,17,29
Baby,"9/30/24, 17:44",Left,12,3,15
Baby,"9/30/24, 15:03",Right,6,14,20
Baby,"9/30/24, 10:29",Right,8,11,19
Baby,"9/30/24, 06:07",Right,7,,7
Baby,"9/30/24, 02:19",Left,11,12,23
Baby,"9/29/24, 20:42",Right,11,15,26
Baby,"9/29/24, 19:52",Left,13,,13
Baby,"9/29/24, 18:58",Right,,11,11
Baby,"9/29/24, 17:34",Left,9,3,12
Baby,"9/29/24, 14:46",Right,10,11,21
Baby,"9/28/24, 19:02",Right,9,5,14
Baby,"9/28/24, 17:32",Right,13,7,20
Baby,"9/28/24, 12:18",Right,9,10,19
Baby,"9/28/24, 06:46",Right,14,19,33
Baby,"9/28/24, 02:45",Left,12,10,22
Baby,"9/27/24, 21:07",Right,10,11,21
Baby,"9/27/24, 18:23",Left,9,,9
Baby,"9/27/24, 17:23",Left,10,11,21
Baby,"9/27/24, 13:58",Right,6,11,17
Baby,"9/27/24, 12:36",Right,16,13,29
Baby,"9/27/24, 10:55",Left,13,,13
Baby,"9/27/24, 08:39",Left,10,9,19,
Baby,"9/27/24, 07:11",Left,11,19,30
Baby,"9/27/24, 03:24",Right,8,12,20
Baby,"9/26/24, 22:27",Left,8,,8
Baby,"9/26/24, 20:02",Right,15,14,29
Baby,"9/26/24, 14:48",Left,11,13,24
Baby,"9/26/24, 11:27",Right,5,11,16
Baby,"9/26/24, 08:18",Left,12,10,22
Baby,"9/26/24, 05:30",Right,12,4,16
Baby,"9/26/24, 02:07",Left,7,12,19
Baby,"9/25/24, 19:28",Left,16,,16
Baby,"9/25/24, 19:00",Right,,6,6
Baby,"9/25/24, 17:56",Left,8,5,13
Baby,"9/25/24, 16:47",Right,6,8,14
Baby,"9/25/24, 13:49",Left,12,,12
Baby,"9/25/24, 11:16",Right,9,10,19
Baby,"9/25/24, 09:32",Left,8,,8
Baby,"9/25/24, 05:42",Right,4,10,14
Baby,"9/25/24, 01:45",Right,7,4,11
Baby,"9/24/24, 21:00",Left,4,2,6
Baby,"9/24/24, 19:23",Left,4,7,11
Baby,"9/24/24, 18:09",Right,,7,7
Baby,"9/24/24, 16:34",Left,6,,6
Baby,"9/24/24, 15:15",Right,2,10,12
Baby,"9/24/24, 09:17",Left,15,,15
Baby,"9/24/24, 06:40",Right,2,10,12
Baby,"9/24/24, 03:36",Left,10,,10
Baby,"9/24/24, 00:59",Right,,7,7
Baby,"9/23/24, 20:40",Left,11,9,20
Baby,"9/23/24, 17:27",Right,,9,9
Baby,"9/23/24, 14:53",Left,11,2,13
Baby,"9/23/24, 13:12",Right,2,9,11
Baby,"9/23/24, 10:03",Left,11,6,17
Baby,"9/23/24, 06:44",Right,16,12,28,
Baby,"9/23/24, 03:07",Left,10,,10
Baby,"9/22/24, 21:14",Right,5,7,12
Baby,"9/22/24, 19:14",Left,10,17,27
Baby,"9/22/24, 17:09",Left,13,8,21
Baby,"9/22/24, 15:21",Right,5,7,12
Baby,"9/22/24, 13:12",Left,10,8,18
Baby,"9/22/24, 11:18",Right,,15,15
Baby,"9/22/24, 08:04",Left,20,,20
Baby,"9/22/24, 05:24",Left,8,5,13
Baby,"9/22/24, 01:52",Right,4,9,13
Baby,"9/21/24, 20:41",Left,14,,14
Baby,"9/21/24, 18:57",Right,6,9,15
Baby,"9/21/24, 17:13",Left,11,2,13
Baby,"9/21/24, 15:05",Right,8,11,19
Baby,"9/21/24, 12:27",Left,15,,15
Baby,"9/21/24, 10:29",Right,,29,29
Baby,"9/21/24, 07:14",Left,19,,19
Baby,"9/21/24, 05:28",Right,3,8,11
Baby,"9/21/24, 01:39",Left,10,7,17
Baby,"9/20/24, 20:57",Right,,7,7
Baby,"9/20/24, 20:24",Left,9,,9
Baby,"9/20/24, 18:30",Right,8,6,14
Baby,"9/20/24, 17:30",Left,7,11,18
Baby,"9/20/24, 15:00",Right,4,14,18
Baby,"9/20/24, 11:52",Left,15,,15
Baby,"9/20/24, 10:42",Right,,10,10
Baby,"9/20/24, 07:45",Left,9,5,14
Baby,"9/20/24, 05:28",Right,,11,11
Baby,"9/20/24, 01:12",Right,14,8,22
Baby,"9/19/24, 20:19",Left,10,5,15
Baby,"9/19/24, 19:01",Right,10,5,15
Baby,"9/19/24, 17:35",Left,12,4,16
Baby,"9/19/24, 15:30",Right,5,12,17
Baby,"9/19/24, 11:47",Left,11,7,18
Baby,"9/19/24, 09:34",Right,5,10,15
Baby,"9/19/24, 07:06",Left,8,,8
Baby,"9/19/24, 05:24",Right,,10,10
Baby,"9/19/24, 01:39",Left,9,5,14
Baby,"9/18/24, 19:49",Right,15,11,26
Baby,"9/18/24, 17:03",Left,10,6,16
Baby,"9/18/24, 15:08",Right,7,11,18
Baby,"9/18/24, 13:03",Left,11,8,19
Baby,"9/18/24, 11:32",Right,8,9,17
Baby,"9/18/24, 09:19",Left,15,,15
Baby,"9/18/24, 05:33",Right,,9,9
Baby,"9/18/24, 01:18",Left,13,,13
Baby,"9/17/24, 21:25",Right,13,2,15
Baby,"9/17/24, 20:00",Left,15,13,28
Baby,"9/17/24, 18:38",Right,4,9,13
Baby,"9/17/24, 17:11",Left,14,3,17
Baby,"9/17/24, 15:23",Right,,11,11
Baby,"9/17/24, 13:31",Left,11,,11
Baby,"9/17/24, 10:44",Right,5,10,15
Baby,"9/17/24, 08:03",Left,8,8,16
Baby,"9/17/24, 05:21",Right,,8,8
Baby,"9/17/24, 04:15",Right,,5,5
Baby,"9/17/24, 01:29",Left,16,,16
Baby,"9/16/24, 20:50",Right,,6,6
Baby,"9/16/24, 19:46",Left,15,,15
Baby,"9/16/24, 18:41",Right,,12,12
Baby,"9/16/24, 16:39",Left,9,11,20
Baby,"9/16/24, 14:22",Right,4,10,14
Baby,"9/16/24, 13:23",Right,,13,13
Baby,"9/16/24, 11:09",Left,5,,5
Baby,"9/16/24, 10:18",Right,,5,5
Baby,"9/16/24, 08:13",Left,8,7,15
Baby,"9/16/24, 05:11",Right,,13,13
Baby,"9/16/24, 01:23",Left,7,9,16
Baby,"9/15/24, 20:27",Right,,14,14
Baby,"9/15/24, 18:36",Left,13,4,17
Baby,"9/15/24, 17:50",Right,,6,6
Baby,"9/15/24, 16:45",Left,10,,10
Baby,"9/15/24, 15:12",Right,5,12,17
Baby,"9/15/24, 11:46",Left,8,12,20
Baby,"9/15/24, 10:34",Right,,11,11
Baby,"9/15/24, 08:43",Left,8,2,10
Baby,"9/15/24, 03:40",Right,6,8,14
Baby,"9/15/24, 00:25",Left,10,7,17
Baby,"9/14/24, 19:17",Right,,16,16
Baby,"9/14/24, 17:18",Right,6,10,16
Baby,"9/14/24, 14:54",Right,9,7,16
Baby,"9/14/24, 11:56",Left,8,,8,
Baby,"9/14/24, 10:39",Right,5,8,13
Baby,"9/14/24, 07:25",Right,12,2,14
Baby,"9/14/24, 03:56",Right,3,8,11
Baby,"9/14/24, 00:05",Right,7,7,14
Baby,"9/13/24, 18:58",Left,7,4,11
Baby,"9/13/24, 17:06",Right,5,9,14
Baby,"9/13/24, 13:16",Left,4,,4
Baby,"9/13/24, 12:33",Right,6,9,15
Baby,"9/13/24, 10:30",Left,8,1,9
Baby,"9/13/24, 05:53",Right,8,6,14
Baby,"9/13/24, 03:26",Right,5,5,10
Baby,"9/12/24, 23:11",Right,,9,9
Baby,"9/12/24, 21:15",Left,11,9,20
Baby,"9/12/24, 18:14",Right,3,8,11
Baby,"9/12/24, 15:49",Left,17,8,25
Baby,"9/12/24, 13:05",Right,,10,10
Baby,"9/12/24, 11:08",Left,16,3,19
Baby,"9/12/24, 08:49",Right,6,10,16
Baby,"9/12/24, 05:41",Left,10,3,13
Baby,"9/12/24, 02:39",Right,,19,19
Baby,"9/12/24, 02:10",Left,11,,11,
Baby,"9/11/24, 21:22",Right,1,10,11
Baby,"9/11/24, 18:39",Left,12,8,20
Baby,"9/11/24, 14:16",Right,,5,5
Baby,"9/11/24, 13:02",Right,8,11,19
Baby,"9/11/24, 10:30",Left,9,11,20
Baby,"9/11/24, 08:40",Right,5,16,21
Baby,"9/11/24, 04:51",Right,7,12,19
Baby,"9/11/24, 01:31",Left,11,8,19
Baby,"9/10/24, 21:22",Right,4,12,16
Baby,"9/10/24, 17:44",Left,12,12,24
Baby,"9/10/24, 10:54",Right,12,10,22
Baby,"9/10/24, 08:54",Left,11,12,23
Baby,"9/10/24, 05:39",Right,7,10,17
Baby,"9/10/24, 02:22",Left,9,8,17
Baby,"9/9/24, 20:17",Right,6,11,17
Baby,"9/9/24, 17:46",Left,10,7,17
Baby,"9/9/24, 16:10",Right,3,15,18
Baby,"9/9/24, 13:41",Right,6,11,17,
Baby,"9/9/24, 11:25",Left,11,9,20
Baby,"9/9/24, 08:45",Right,8,11,19
Baby,"9/9/24, 05:43",Right,4,10,14
Baby,"9/9/24, 02:26",Left,11,2,13
Baby,"9/8/24, 20:23",Right,15,11,26
Baby,"9/8/24, 18:33",Left,11,,11
Baby,"9/8/24, 17:12",Right,7,12,19
Baby,"9/8/24, 14:13",Left,12,6,18
Baby,"9/8/24, 11:08",Right,14,11,25
Baby,"9/8/24, 09:10",Left,15,2,17
Baby,"9/8/24, 05:38",Right,5,11,16
Baby,"9/8/24, 02:48",Left,7,,7
Baby,"9/7/24, 23:50",Right,9,12,21
Baby,"9/7/24, 17:59",Left,11,,11
Baby,"9/7/24, 14:28",Right,5,13,18
Baby,"9/7/24, 13:05",Left,13,5,18
Baby,"9/7/24, 09:38",Right,8,14,22
Baby,"9/7/24, 06:28",Right,6,15,21
Baby,"9/7/24, 04:10",Left,15,3,18
Baby,"9/6/24, 22:57",Right,,13,13
Baby,"9/6/24, 16:17",Left,12,3,15
Baby,"9/6/24, 14:15",Right,11,6,17
Baby,"9/6/24, 11:36",Left,13,8,21
Baby,"9/6/24, 10:08",Right,6,10,16
Baby,"9/6/24, 07:27",Left,12,13,25
Baby,"9/6/24, 03:13",Right,12,12,24
Baby,"9/5/24, 23:15",Left,13,9,22
Baby,"9/5/24, 18:53",Right,15,12,27
Baby,"9/5/24, 16:09",Left,13,13,26
Baby,"9/5/24, 13:02",Right,13,10,23
Baby,"9/5/24, 09:14",Right,7,11,18
Baby,"9/5/24, 06:57",Left,16,10,26
Baby,"9/5/24, 02:29",Right,9,12,21
Baby,"9/4/24, 21:46",Left,13,,13
Baby,"9/4/24, 18:51",Right,14,11,25
Baby,"9/4/24, 16:20",Left,20,12,32
Baby,"9/4/24, 13:50",Right,12,11,23
Baby,"9/4/24, 11:16",Left,15,13,28
Baby,"9/4/24, 09:03",Right,8,18,26
Baby,"9/4/24, 05:35",Left,13,12,25
Baby,"9/4/24, 02:00",Right,8,15,23
Baby,"9/3/24, 21:35",Left,13,,13
Baby,"9/3/24, 18:45",Right,10,11,21
Baby,"9/3/24, 16:05",Left,16,7,23
Baby,"9/3/24, 13:46",Right,5,18,23
Baby,"9/3/24, 11:24",Left,16,5,21
Baby,"9/3/24, 09:57",Right,,15,15
Baby,"9/3/24, 07:22",Left,15,11,26
Baby,"9/3/24, 04:19",Right,9,15,24
Baby,"9/3/24, 00:24",Left,11,7,18
Baby,"9/2/24, 19:43",Right,14,13,27
Baby,"9/2/24, 17:45",Left,15,12,27
Baby,"9/2/24, 15:16",Right,13,15,28
Baby,"9/2/24, 12:26",Left,14,16,30
Baby,"9/2/24, 09:45",Left,13,,13
Baby,"9/2/24, 07:08",Right,10,13,23
Baby,"9/2/24, 04:14",Left,11,7,18
Baby,"9/2/24, 00:33",Right,7,14,21
Baby,"9/1/24, 20:26",Left,10,13,23
Baby,"9/1/24, 17:28",Right,14,17,31
Baby,"9/1/24, 14:38",Left,17,8,25
Baby,"9/1/24, 12:36",Right,7,14,21
Baby,"9/1/24, 10:53",Left,16,5,21
Baby,"9/1/24, 07:57",Right,14,15,29
Baby,"9/1/24, 04:23",Left,11,12,23
Baby,"9/1/24, 00:05",Right,8,12,20
Baby,"8/31/24, 19:57",Left,15,15,30
Baby,"8/31/24, 16:37",Right,13,16,29
Baby,"8/31/24, 12:48",Right,11,11,22
Baby,"8/31/24, 11:18",Left,11,,11
Baby,"8/31/24, 10:10",Right,3,14,17
Baby,"8/31/24, 08:28",Left,14,4,18
Baby,"8/31/24, 04:41",Right,12,14,26
Baby,"8/31/24, 00:49",Left,12,5,17
Baby,"8/30/24, 20:16",Right,13,15,28
Baby,"8/30/24, 17:08",Left,15,11,26
Baby,"8/30/24, 13:42",Right,4,13,17
Baby,"8/30/24, 12:23",Left,11,12,23
Baby,"8/30/24, 09:21",Left,15,11,26
Baby,"8/30/24, 06:05",Right,8,10,18
Baby,"8/30/24, 03:50",Left,15,8,23
Baby,"8/30/24, 00:41",Right,14,8,22
Baby,"8/29/24, 20:29",Left,11,9,20
Baby,"8/29/24, 18:59",Right,6,14,20
Baby,"8/29/24, 17:09",Left,16,4,20
Baby,"8/29/24, 13:26",Right,10,20,30
Baby,"8/29/24, 10:49",Left,14,11,25
Baby,"8/29/24, 07:29",Right,5,19,24
Baby,"8/29/24, 03:39",Left,11,10,21
Baby,"8/29/24, 00:15",Right,13,10,23
Baby,"8/28/24, 21:29",Left,14,,14
Baby,"8/28/24, 17:03",Left,19,8,27
Baby,"8/28/24, 14:45",Right,11,17,28
Baby,"8/28/24, 12:03",Left,12,8,20
Baby,"8/28/24, 09:12",Right,15,14,29
Baby,"8/28/24, 05:36",Right,10,12,22
Baby,"8/28/24, 02:11",Left,7,8,15
Baby,"8/28/24, 00:14",Right,,10,10
Baby,"8/27/24, 20:59",Left,12,,12
Baby,"8/27/24, 19:22",Left,10,9,19
Baby,"8/27/24, 17:51",Left,6,7,13
Baby,"8/27/24, 17:25",Right,5,12,17
Baby,"8/27/24, 13:31",Left,13,9,22
Baby,"8/27/24, 10:22",Right,10,14,24
Baby,"8/27/24, 06:45",Left,10,9,19
Baby,"8/27/24, 03:56",Right,,13,13
Baby,"8/26/24, 15:51",Right,10,13,23
Baby,"8/26/24, 13:31",Right,9,13,22
Baby,"8/26/24, 10:25",Left,16,11,27
Baby,"8/26/24, 06:43",Right,16,11,27
Baby,"8/26/24, 03:25",Left,11,9,20
Baby,"8/26/24, 01:31",Right,,13,13
Baby,"8/25/24, 22:13",Right,8,10,18
Baby,"8/25/24, 20:23",Left,12,,12
Baby,"8/25/24, 17:40",Right,5,11,16
Baby,"8/25/24, 15:44",Left,13,14,27
Baby,"8/25/24, 12:30",Right,12,9,21
Baby,"8/25/24, 09:13",Left,10,11,21
Baby,"8/25/24, 06:08",Right,3,15,18
Baby,"8/25/24, 02:53",Left,12,9,21
