Baby,Time,Duration(minutes),Note
Baby,"1/14/26, 12:56",0
Baby,"1/13/26, 19:54",660
Baby,"1/13/26, 12:09",101
Baby,"1/12/26, 19:58",648
Baby,"1/12/26, 11:58",0
Baby,"1/11/26, 20:58",567
Baby,"1/11/26, 13:06",62
Baby,"1/10/26, 20:33",637
Baby,"1/10/26, 12:51",64
Baby,"1/9/26, 20:55",683
Baby,"1/9/26, 13:18",63
Baby,"1/8/26, 20:56",612
Baby,"1/8/26, 12:22",109
Baby,"1/7/26, 20:29",617
Baby,"1/7/26, 12:44",111
Baby,"1/6/26, 19:20",708
Baby,"1/6/26, 12:05",33
Baby,"1/5/26, 19:51",657
Baby,"1/5/26, 11:40",0
Baby,"1/4/26, 20:24",603
Baby,"1/4/26, 12:20",103
Baby,"1/3/26, 20:23",670
Baby,"1/3/26, 12:27",78
Baby,"1/2/26, 21:31",582
Baby,"1/2/26, 13:04",147
Baby,"1/1/26, 20:14",695
Baby,"1/1/26, 12:24",63
Baby,"12/31/25, 21:29",0
Baby,"12/31/25, 12:47",128
Baby,"12/30/25, 19:33",707
Baby,"12/30/25, 11:43",53
Baby,"12/29/25, 21:23",538
Baby,"12/29/25, 14:18",134
Baby,"12/28/25, 20:47",712
Baby,"12/28/25, 13:30",89
Baby,"12/27/25, 19:55",651
Baby,"12/27/25, 12:01",61
Baby,"12/26/25, 21:15",560
Baby,"12/26/25, 13:48",92
Baby,"12/25/25, 20:42",669
Baby,"12/25/25, 13:01",135
Baby,"12/24/25, 19:59",664
Baby,"12/24/25, 13:03",81
Baby,"12/23/25, 21:06",608
Baby,"12/23/25, 12:05",121
Baby,"12/22/25, 20:08",634
Baby,"12/22/25, 12:26",108
Baby,"12/21/25, 20:28",655
Baby,"12/21/25, 12:22",109
Baby,"12/20/25, 20:18",629
Baby,"12/20/25, 12:42",66
Baby,"12/19/25, 20:14",673
Baby,"12/19/25, 12:49",104
Baby,"12/18/25, 20:33",614
Baby,"12/18/25, 12:12",110
Baby,"12/17/25, 20:02",658
Baby,"12/17/25, 12:17",149
Baby,"12/16/25, 20:53",576
Baby,"12/16/25, 12:24",130
Baby,"12/15/25, 20:16",623
Baby,"12/15/25, 12:20",112
Baby,"12/14/25, 20:32",621
Baby,"12/14/25, 11:29",115
Baby,"12/13/25, 20:42",587
Baby,"12/13/25, 12:53",105
Baby,"12/12/25, 20:45",591
Baby,"12/12/25, 12:00",95
Baby,"12/11/25, 20:39",635
Baby,"12/11/25, 12:30",81,
Baby,"12/10/25, 20:13",686
Baby,"12/10/25, 12:09",55
Baby,"12/9/25, 21:05",614
Baby,"12/9/25, 13:22",93
Baby,"12/8/25, 20:26",672
Baby,"12/8/25, 12:53",119
Baby,"12/7/25, 20:21",669
Baby,"12/7/25, 12:21",163
Baby,"12/6/25, 20:23",610
Baby,"12/6/25, 12:11",118
Baby,"12/5/25, 20:00",647
Baby,"12/5/25, 12:47",100
Baby,"12/4/25, 20:14",614
Baby,"12/4/25, 12:50",138
Baby,"12/3/25, 20:50",632
Baby,"12/3/25, 12:16",118
Baby,"12/2/25, 20:59",578
Baby,"12/2/25, 12:15",178
Baby,"12/1/25, 20:35",604
Baby,"12/1/25, 12:12",161
Baby,"11/30/25, 20:01",659
Baby,"11/30/25, 12:07",53
Baby,"11/29/25, 19:58",612
Baby,"11/29/25, 12:03",86
Baby,"11/28/25, 20:28",557
Baby,"11/28/25, 12:00",101
Baby,"11/27/25, 20:02",610
Baby,"11/27/25, 11:36",0
Baby,"11/26/25, 20:10",603
Baby,"11/26/25, 12:17",199
Baby,"11/26/25, 03:31",166
Baby,"11/25/25, 20:12",361
Baby,"11/25/25, 12:26",118
Baby,"11/24/25, 19:47",650
Baby,"11/24/25, 13:01",121
Baby,"11/23/25, 20:08",598
Baby,"11/23/25, 12:46",132
Baby,"11/22/25, 20:26",640
Baby,"11/22/25, 12:14",74
Baby,"11/21/25, 19:34",702
Baby,"11/21/25, 11:58",78
Baby,"11/20/25, 20:49",607
Baby,"11/20/25, 11:08",170
Baby,"11/19/25, 21:05",541
Baby,"11/19/25, 12:33",172
Baby,"11/18/25, 20:53",625
Baby,"11/18/25, 12:57",152
Baby,"11/17/25, 19:42",665
Baby,"11/17/25, 12:15",45
Baby,"11/16/25, 20:34",626
Baby,"11/16/25, 13:03",89
Baby,"11/15/25, 20:06",665
Baby,"11/15/25, 12:52",121
Baby,"11/14/25, 20:25",589
Baby,"11/14/25, 12:08",115
Baby,"11/13/25, 19:44",636
Baby,"11/13/25, 12:20",148
Baby,"11/12/25, 20:01",610
Baby,"11/12/25, 12:29",96
Baby,"11/11/25, 20:11",650
Baby,"11/11/25, 12:28",150
Baby,"11/10/25, 19:38",641
Baby,"11/10/25, 11:56",92
Baby,"11/9/25, 19:55",590
Baby,"11/9/25, 12:42",149
Baby,"11/8/25, 20:05",597
Baby,"11/8/25, 12:03",129
Baby,"11/7/25, 20:03",600
Baby,"11/7/25, 12:27",93
Baby,"11/6/25, 19:59",657
Baby,"11/6/25, 12:15",102
Baby,"11/5/25, 19:28",681
Baby,"11/5/25, 11:41",87
Baby,"11/4/25, 20:02",599
Baby,"11/4/25, 12:16",90
Baby,"11/3/25, 19:36",652
Baby,"11/3/25, 11:45",127
Baby,"11/2/25, 20:19",568
Baby,"11/2/25, 12:11",117
Baby,"11/1/25, 21:01",604
Baby,"11/1/25, 12:14",102
Baby,"10/31/25, 21:05",618
Baby,"10/31/25, 12:22",116
Baby,"10/30/25, 21:05",624
Baby,"10/30/25, 12:36",106
Baby,"10/29/25, 21:12",617
Baby,"10/29/25, 16:13",62
Baby,"10/29/25, 10:24",75
Baby,"10/29/25, 00:12",413
Baby,"10/28/25, 19:42",178
Baby,"10/28/25, 12:21",86
Baby,"10/27/25, 19:36",632
Baby,"10/27/25, 12:53",136
Baby,"10/26/25, 19:51",674
Baby,"10/26/25, 12:48",88
Baby,"10/25/25, 12:54",77
Baby,"10/24/25, 20:23",607
Baby,"10/24/25, 12:51",155
Baby,"10/23/25, 20:31",610
Baby,"10/23/25, 12:16",145
Baby,"10/22/25, 19:44",663
Baby,"10/22/25, 12:30",75
Baby,"10/21/25, 19:43",662
Baby,"10/21/25, 12:35",85
Baby,"10/20/25, 20:28",611
Baby,"10/20/25, 13:39",128
Baby,"10/19/25, 19:31",719
Baby,"10/19/25, 12:28",96
Baby,"10/18/25, 20:05",653
Baby,"10/18/25, 12:21",118
Baby,"10/17/25, 19:31",658
Baby,"10/17/25, 12:38",91
Baby,"10/16/25, 20:24",626
Baby,"10/16/25, 11:47",95
Baby,"10/15/25, 19:35",614
Baby,"10/15/25, 13:00",99
Baby,"10/14/25, 19:42",655
Baby,"10/14/25, 12:58",149
Baby,"10/13/25, 19:44",676
Baby,"10/13/25, 12:23",128
Baby,"10/12/25, 19:47",680
Baby,"10/12/25, 13:00",120
Baby,"10/11/25, 20:46",599
Baby,"10/11/25, 13:05",128
Baby,"10/10/25, 19:22",723
Baby,"10/10/25, 12:16",57
Baby,"10/9/25, 20:03",661
Baby,"10/9/25, 11:54",133
Baby,"10/8/25, 20:23",633
Baby,"10/8/25, 12:40",175
Baby,"10/7/25, 19:40",665
Baby,"10/7/25, 12:14",0
Baby,"10/6/25, 20:18",614
Baby,"10/6/25, 11:46",118
Baby,"10/5/25, 20:04",625
Baby,"10/5/25, 12:04",62
Baby,"10/4/25, 20:43",594
Baby,"10/4/25, 12:47",144
Baby,"10/3/25, 20:36",617
Baby,"10/3/25, 13:00",180
Baby,"10/2/25, 19:59",600
Baby,"10/2/25, 12:18",133
Baby,"10/1/25, 20:49",577
Baby,"10/1/25, 16:36",46
Baby,"10/1/25, 12:25",73
Baby,"9/30/25, 19:25",662
Baby,"9/30/25, 12:16",97
Baby,"9/29/25, 20:17",609
Baby,"9/29/25, 12:21",171
Baby,"9/28/25, 20:48",557
Baby,"9/28/25, 12:36",174
Baby,"9/27/25, 20:37",602
Baby,"9/27/25, 12:05",196
Baby,"9/26/25, 20:25",633
Baby,"9/26/25, 12:17",150
Baby,"9/25/25, 20:24",605
Baby,"9/25/25, 16:08",70
Baby,"9/25/25, 11:32",49
Baby,"9/24/25, 19:58",649
Baby,"9/24/25, 12:09",93
Baby,"9/23/25, 20:12",622
Baby,"9/23/25, 11:46",170
Baby,"9/22/25, 20:27",627
Baby,"9/22/25, 12:39",71
Baby,"9/21/25, 11:58",111
Baby,"9/20/25, 21:21",595
Baby,"9/20/25, 16:12",77
Baby,"9/20/25, 10:53",81
Baby,"9/19/25, 20:13",631
Baby,"9/19/25, 11:58",97
Baby,"9/18/25, 19:58",602
Baby,"9/18/25, 12:28",104
Baby,"9/17/25, 20:22",627
Baby,"9/17/25, 12:42",130
Baby,"9/16/25, 20:21",639
Baby,"9/16/25, 12:29",134
Baby,"9/15/25, 20:29",582
Baby,"9/15/25, 12:28",113
Baby,"9/14/25, 20:01",657
Baby,"9/14/25, 12:40",86
Baby,"9/13/25, 20:02",646
Baby,"9/13/25, 12:43",177
Baby,"9/12/25, 20:30",629
Baby,"9/12/25, 12:43",91
Baby,"9/11/25, 20:39",606
Baby,"9/11/25, 12:50",91
Baby,"9/10/25, 20:09",695
Baby,"9/10/25, 13:24",70
Baby,"9/9/25, 20:41",660
Baby,"9/9/25, 14:54",71
Baby,"9/8/25, 20:35",754
Baby,"9/8/25, 12:09",107
Baby,"9/7/25, 19:56",628
Baby,"9/7/25, 12:02",126
Baby,"9/6/25, 20:00",617
Baby,"9/6/25, 12:27",119
Baby,"9/5/25, 20:05",602
Baby,"9/5/25, 12:13",128
Baby,"9/4/25, 20:16",658
Baby,"9/4/25, 11:55",100
Baby,"9/3/25, 20:20",610
Baby,"9/3/25, 12:11",112
Baby,"9/2/25, 20:52",666
Baby,"9/2/25, 16:47",63
Baby,"9/2/25, 10:30",50
Baby,"9/1/25, 20:00",679
Baby,"9/1/25, 12:05",107
Baby,"8/31/25, 20:33",592
Baby,"8/31/25, 11:56",134
Baby,"8/30/25, 20:45",657
Baby,"8/30/25, 12:12",87
Baby,"8/29/25, 20:16",629
Baby,"8/29/25, 12:23",78
Baby,"8/28/25, 20:36",650
Baby,"8/28/25, 12:27",124
Baby,"8/27/25, 20:35",695
Baby,"8/27/25, 11:55",142
Baby,"8/26/25, 19:45",683
Baby,"8/26/25, 12:14",58
Baby,"8/25/25, 20:36",651
Baby,"8/25/25, 12:23",167
Baby,"8/24/25, 20:20",605
Baby,"8/24/25, 12:09",167
Baby,"8/23/25, 20:39",587
Baby,"8/23/25, 12:06",133
Baby,"8/22/25, 20:23",620
Baby,"8/22/25, 12:31",180
Baby,"8/21/25, 20:33",607
Baby,"8/21/25, 12:02",155
Baby,"8/20/25, 20:16",668
Baby,"8/20/25, 13:20",101
Baby,"8/19/25, 19:47",722
Baby,"8/19/25, 12:33",114
Baby,"8/18/25, 20:11",651
Baby,"8/18/25, 12:22",118
Baby,"8/17/25, 19:52",631
Baby,"8/17/25, 12:20",142
Baby,"8/16/25, 22:09",536
Baby,"8/16/25, 17:00",60
Baby,"8/16/25, 12:14",131
Baby,"8/15/25, 21:20",593
Baby,"8/15/25, 16:18",84
Baby,"8/15/25, 11:17",76
Baby,"8/14/25, 20:47",639
Baby,"8/14/25, 15:04",129
Baby,"8/14/25, 10:46",40
Baby,"8/13/25, 21:08",575
Baby,"8/13/25, 16:47",72
Baby,"8/13/25, 10:30",141
Baby,"8/12/25, 20:50",585
Baby,"8/12/25, 14:55",85
Baby,"8/12/25, 10:20",47
Baby,"8/11/25, 20:44",598
Baby,"8/11/25, 15:39",50
Baby,"8/11/25, 10:09",99
Baby,"8/10/25, 20:57",584
Baby,"8/10/25, 16:30",49
Baby,"8/10/25, 10:45",108
Baby,"8/9/25, 20:49",587
Baby,"8/9/25, 15:50",55
Baby,"8/9/25, 10:11",100
Baby,"8/8/25, 20:17",617
Baby,"8/8/25, 14:34",76
Baby,"8/8/25, 10:04",46
Baby,"8/7/25, 20:26",603
Baby,"8/7/25, 14:05",136
Baby,"8/7/25, 10:11",47
Baby,"8/6/25, 19:37",668
Baby,"8/6/25, 11:40",140
Baby,"8/5/25, 21:39",551
Baby,"8/5/25, 16:24",60
Baby,"8/5/25, 10:01",82
Baby,"8/4/25, 21:50",506
Baby,"8/4/25, 15:25",140
Baby,"8/4/25, 10:03",82
Baby,"8/3/25, 21:17",569
Baby,"8/3/25, 16:15",96
Baby,"8/3/25, 10:35",58
Baby,"8/2/25, 21:29",586
Baby,"8/2/25, 15:12",142
Baby,"8/2/25, 10:26",41
Baby,"8/1/25, 20:52",619
Baby,"8/1/25, 15:15",75
Baby,"8/1/25, 09:55",113
Baby,"7/31/25, 21:22",526
Baby,"7/31/25, 16:17",57
Baby,"7/31/25, 09:43",150
Baby,"7/30/25, 21:17",542
Baby,"7/30/25, 16:07",97
Baby,"7/30/25, 10:33",111
Baby,"7/29/25, 20:41",614
Baby,"7/29/25, 15:22",73
Baby,"7/29/25, 09:23",120
Baby,"7/28/25, 20:06",598
Baby,"7/28/25, 15:40",40
Baby,"7/28/25, 10:07",89
Baby,"7/27/25, 19:58",615
Baby,"7/27/25, 15:52",31
Baby,"7/27/25, 10:25",97
Baby,"7/26/25, 20:25",591
Baby,"7/26/25, 15:34",66
Baby,"7/26/25, 09:52",111
Baby,"7/25/25, 21:14",543
Baby,"7/25/25, 16:43",81
Baby,"7/25/25, 10:33",111
Baby,"7/24/25, 20:57",589
Baby,"7/24/25, 15:15",79
Baby,"7/24/25, 10:27",116
Baby,"7/23/25, 20:18",645
Baby,"7/23/25, 13:18",79
Baby,"7/23/25, 10:09",26
Baby,"7/22/25, 20:55",587
Baby,"7/22/25, 16:24",96
Baby,"7/22/25, 10:34",102
Baby,"7/21/25, 21:23",533
Baby,"7/21/25, 16:28",67
Baby,"7/21/25, 10:19",128
Baby,"7/20/25, 20:50",596
Baby,"7/20/25, 16:06",60
Baby,"7/20/25, 10:18",82
Baby,"7/19/25, 21:01",546
Baby,"7/19/25, 16:00",98
Baby,"7/19/25, 10:19",89
Baby,"7/18/25, 21:05",562
Baby,"7/18/25, 16:19",131
Baby,"7/18/25, 10:23",91
Baby,"7/17/25, 20:22",586
Baby,"7/17/25, 13:45",123
Baby,"7/16/25, 20:55",561
Baby,"7/16/25, 15:25",119
Baby,"7/16/25, 09:28",106
Baby,"7/15/25, 19:48",621
Baby,"7/15/25, 14:51",94
Baby,"7/15/25, 09:56",78
Baby,"7/14/25, 21:03",556
Baby,"7/14/25, 16:28",96
Baby,"7/14/25, 11:08",95
Baby,"7/13/25, 21:07",592
Baby,"7/13/25, 16:13",103
Baby,"7/13/25, 11:02",72
Baby,"7/12/25, 19:40",649
Baby,"7/12/25, 11:15",121
Baby,"7/11/25, 21:05",549
Baby,"7/11/25, 15:27",113
Baby,"7/11/25, 10:19",75
Baby,"7/10/25, 20:58",561
Baby,"7/10/25, 15:46",83
Baby,"7/10/25, 10:53",95
Baby,"7/9/25, 21:05",617
Baby,"7/9/25, 17:09",48
Baby,"7/9/25, 10:29",110
Baby,"7/8/25, 21:03",568
Baby,"7/8/25, 15:57",92
Baby,"7/8/25, 10:19",114
Baby,"7/7/25, 21:43",506
Baby,"7/7/25, 17:18",68
Baby,"7/7/25, 11:45",91
Baby,"7/6/25, 21:44",598
Baby,"7/6/25, 17:38",105
Baby,"7/6/25, 11:05",143
Baby,"7/5/25, 21:18",534
Baby,"7/5/25, 15:58",104
Baby,"7/5/25, 10:15",138
Baby,"7/4/25, 20:47",626
Baby,"7/4/25, 15:52",83
Baby,"7/4/25, 10:40",116
Baby,"7/3/25, 20:58",597
Baby,"7/3/25, 16:25",96
Baby,"7/3/25, 10:37",125
Baby,"7/2/25, 20:52",645
Baby,"7/2/25, 15:53",76
Baby,"7/2/25, 11:44",41
Baby,"7/1/25, 21:08",662
Baby,"7/1/25, 16:04",102
Baby,"7/1/25, 10:32",114
Baby,"6/30/25, 20:37",585
Baby,"6/30/25, 14:22",69
Baby,"6/30/25, 08:44",95
Baby,"6/29/25, 20:26",589
Baby,"6/29/25, 15:03",83
Baby,"6/29/25, 09:45",72
Baby,"6/28/25, 21:04",543
Baby,"6/28/25, 15:30",90
Baby,"6/28/25, 09:45",102
Baby,"6/27/25, 20:50",584
Baby,"6/27/25, 15:30",85
Baby,"6/27/25, 10:37",99
Baby,"6/26/25, 20:58",560
Baby,"6/26/25, 15:47",70
Baby,"6/26/25, 10:42",78
Baby,"6/25/25, 20:51",641
Baby,"6/25/25, 15:39",66
Baby,"6/25/25, 10:08",106
Baby,"6/24/25, 21:10",609
Baby,"6/24/25, 15:34",99
Baby,"6/24/25, 10:33",96
Baby,"6/23/25, 20:30",649
Baby,"6/23/25, 15:37",40
Baby,"6/23/25, 09:46",111
Baby,"6/22/25, 20:35",591
Baby,"6/22/25, 15:52",42
Baby,"6/22/25, 09:47",143
Baby,"6/21/25, 21:00",569
Baby,"6/21/25, 15:44",76
Baby,"6/21/25, 10:36",55
Baby,"6/20/25, 21:03",616
Baby,"6/20/25, 17:29",38
Baby,"6/20/25, 11:42",128
Baby,"6/20/25, 07:00",101
Baby,"6/19/25, 20:15",555
Baby,"6/19/25, 15:11",75
Baby,"6/19/25, 10:41",99
Baby,"6/18/25, 20:16",641
Baby,"6/18/25, 15:14",74
Baby,"6/18/25, 10:24",60
Baby,"6/17/25, 20:12",611
Baby,"6/17/25, 16:01",33
Baby,"6/17/25, 10:30",90
Baby,"6/16/25, 20:24",597
Baby,"6/16/25, 15:35",88
Baby,"6/16/25, 10:20",104
Baby,"6/15/25, 21:02",599
Baby,"6/15/25, 16:30",53
Baby,"6/15/25, 10:13",98
Baby,"6/14/25, 21:49",521
Baby,"6/14/25, 17:22",61
Baby,"6/14/25, 13:06",59
Baby,"6/14/25, 10:05",38
Baby,"6/13/25, 20:18",636
Baby,"6/13/25, 15:20",39
Baby,"6/13/25, 10:04",117
Baby,"6/12/25, 20:55",540
Baby,"6/12/25, 15:26",96
Baby,"6/12/25, 10:25",96
Baby,"6/11/25, 20:26",587
Baby,"6/11/25, 15:52",96
Baby,"6/11/25, 10:23",90
Baby,"6/10/25, 20:50",587
Baby,"6/10/25, 16:40",65
Baby,"6/10/25, 10:53",132
Baby,"6/9/25, 22:25",515
Baby,"6/9/25, 21:02",57
Baby,"6/9/25, 16:45",67
Baby,"6/9/25, 10:20",138
Baby,"6/8/25, 20:21",614
Baby,"6/8/25, 17:00",40
Baby,"6/8/25, 11:54",130
Baby,"6/8/25, 08:13",14
Baby,"6/7/25, 20:03",487
Baby,"6/7/25, 12:46",186
Baby,"6/7/25, 07:55",57
Baby,"6/6/25, 19:51",569
Baby,"6/6/25, 13:58",113
Baby,"6/6/25, 09:23",67
Baby,"6/5/25, 20:06",613
Baby,"6/5/25, 14:35",127
Baby,"6/5/25, 11:14",75
Baby,"6/5/25, 07:05",33
Baby,"6/4/25, 21:27",361
Baby,"6/4/25, 18:50",51
Baby,"6/4/25, 13:28",116
Baby,"6/4/25, 08:25",89
Baby,"6/3/25, 20:43",546
Baby,"6/3/25, 16:04",72
Baby,"6/3/25, 09:58",170
Baby,"6/2/25, 21:55",499
Baby,"6/2/25, 17:21",108
Baby,"6/2/25, 10:48",134
Baby,"6/2/25, 00:06",434
Baby,"6/1/25, 22:32",68
Baby,"6/1/25, 21:28",55
Baby,"6/1/25, 18:10",31
Baby,"6/1/25, 12:39",88
Baby,"6/1/25, 09:52",35
Baby,"5/31/25, 19:51",720
Baby,"5/31/25, 13:20",106
Baby,"5/31/25, 08:45",131
Baby,"5/31/25, 06:44",5
Baby,"5/31/25, 06:35",8
Baby,"5/31/25, 06:13",17
Baby,"5/30/25, 21:07",12
Baby,"5/30/25, 18:28",54
Baby,"5/30/25, 16:10",51
Baby,"5/30/25, 11:52",61
Baby,"5/30/25, 09:40",79
Baby,"5/29/25, 21:06",574
Baby,"5/29/25, 17:10",33
Baby,"5/29/25, 13:30",72
Baby,"5/29/25, 10:40",39
Baby,"5/29/25, 08:31",36
Baby,"5/28/25, 20:46",603
Baby,"5/28/25, 18:13",52
Baby,"5/28/25, 14:14",52
Baby,"5/28/25, 08:48",93
Baby,"5/27/25, 20:11",597
Baby,"5/27/25, 15:28",28
Baby,"5/27/25, 09:12",100,
Baby,"5/26/25, 20:36",572
Baby,"5/26/25, 15:19",112
Baby,"5/26/25, 10:17",104
Baby,"5/26/25, 06:00",32
Baby,"5/26/25, 02:57",159
Baby,"5/26/25, 00:11",136,
Baby,"5/25/25, 19:49",198
Baby,"5/25/25, 15:41",36
Baby,"5/25/25, 11:03",71
Baby,"5/24/25, 20:28",651
Baby,"5/24/25, 11:57",118
Baby,"5/24/25, 07:00",78
Baby,"5/23/25, 19:20",630
Baby,"5/23/25, 14:12",74
Baby,"5/23/25, 09:16",87
Baby,"5/22/25, 19:46",630
Baby,"5/22/25, 15:33",36
Baby,"5/22/25, 09:51",118
Baby,"5/22/25, 05:38",60,
Baby,"5/22/25, 03:34",109
Baby,"5/22/25, 01:24",120
Baby,"5/21/25, 22:26",167
Baby,"5/21/25, 19:37",162
Baby,"5/21/25, 15:10",38
Baby,"5/21/25, 10:04",84
Baby,"5/21/25, 05:25",53
Baby,"5/20/25, 23:16",337
Baby,"5/20/25, 20:04",187
Baby,"5/20/25, 14:36",96
Baby,"5/20/25, 09:16",89
Baby,"5/20/25, 05:51",40,
Baby,"5/20/25, 05:35",10
Baby,"5/20/25, 03:22",125
Baby,"5/20/25, 01:00",140
Baby,"5/19/25, 20:54",242,
Baby,"5/19/25, 20:18",33
Baby,"5/19/25, 17:52",34
Baby,"5/19/25, 13:49",16
Baby,"5/19/25, 09:36",69
Baby,"5/18/25, 20:36",586
Baby,"5/18/25, 16:33",38
Baby,"5/18/25, 10:53",105
Baby,"5/17/25, 20:25",617
Baby,"5/17/25, 15:54",59
Baby,"5/17/25, 10:17",115
Baby,"5/16/25, 20:30",623
Baby,"5/16/25, 15:21",86
Baby,"5/16/25, 10:35",95
Baby,"5/15/25, 20:21",634
Baby,"5/15/25, 16:14",46
Baby,"5/15/25, 10:51",88
Baby,"5/15/25, 06:12",48,
Baby,"5/15/25, 04:47",66
Baby,"5/15/25, 03:00",100
Baby,"5/15/25, 02:35",21
Baby,"5/15/25, 00:11",137
Baby,"5/14/25, 23:21",41
Baby,"5/14/25, 22:47",26
Baby,"5/14/25, 21:27",76
Baby,"5/14/25, 20:52",29
Baby,"5/14/25, 15:07",66
Baby,"5/14/25, 09:43",129
Baby,"5/13/25, 21:10",546
Baby,"5/13/25, 16:23",79
Baby,"5/13/25, 10:16",151
Baby,"5/12/25, 21:01",578
Baby,"5/12/25, 16:08",94
Baby,"5/12/25, 10:01",115
Baby,"5/11/25, 19:50",654
Baby,"5/11/25, 14:26",78
Baby,"5/11/25, 09:34",90
Baby,"5/10/25, 20:35",596
Baby,"5/10/25, 15:30",98
Baby,"5/10/25, 09:42",124
Baby,"5/9/25, 20:23",578
Baby,"5/9/25, 14:50",100
Baby,"5/9/25, 09:30",88
Baby,"5/8/25, 20:57",555
Baby,"5/8/25, 16:46",83
Baby,"5/8/25, 11:47",122
Baby,"5/8/25, 07:00",76
Baby,"5/7/25, 21:22",533
Baby,"5/7/25, 17:12",33
Baby,"5/7/25, 09:40",100
Baby,"5/6/25, 20:42",574
Baby,"5/6/25, 15:41",93
Baby,"5/6/25, 10:33",63
Baby,"5/5/25, 20:52",604
Baby,"5/5/25, 15:29",123
Baby,"5/5/25, 09:55",107
Baby,"5/4/25, 20:47",608
Baby,"5/4/25, 15:39",74
Baby,"5/4/25, 09:58",90
Baby,"5/4/25, 05:04",60
Baby,"5/4/25, 03:53",57
Baby,"5/4/25, 03:38",12
Baby,"5/4/25, 01:45",101
Baby,"5/3/25, 21:56",224
Baby,"5/3/25, 16:56",107
Baby,"5/3/25, 11:19",119
Baby,"5/2/25, 20:31",674
Baby,"5/2/25, 14:28",71
Baby,"5/2/25, 09:08",126
Baby,"5/1/25, 21:28",499
Baby,"5/1/25, 15:34",113
Baby,"5/1/25, 10:47",88
Baby,"4/30/25, 20:10",678
Baby,"4/30/25, 14:34",122
Baby,"4/30/25, 09:56",55
Baby,"4/29/25, 20:34",645
Baby,"4/29/25, 14:54",119
Baby,"4/29/25, 09:35",99
Baby,"4/28/25, 20:50",587
Baby,"4/28/25, 16:02",42
Baby,"4/28/25, 10:50",95
Baby,"4/28/25, 06:58",69,
Baby,"4/28/25, 06:13",11
Baby,"4/28/25, 05:04",65
Baby,"4/28/25, 04:53",5
Baby,"4/28/25, 03:04",98
Baby,"4/28/25, 01:18",104
Baby,"4/27/25, 22:38",158
Baby,"4/27/25, 21:30",51
Baby,"4/27/25, 21:08",7
Baby,"4/27/25, 15:50",102
Baby,"4/27/25, 10:50",89
Baby,"4/27/25, 05:53",107
Baby,"4/27/25, 03:25",110
Baby,"4/27/25, 01:58",82
Baby,"4/27/25, 00:21",93
Baby,"4/26/25, 20:46",211
Baby,"4/26/25, 15:46",58
Baby,"4/26/25, 10:47",69
Baby,"4/26/25, 07:08",73
Baby,"4/26/25, 06:34",25,
Baby,"4/26/25, 06:04",28,
Baby,"4/26/25, 03:58",88
Baby,"4/26/25, 03:17",9
Baby,"4/26/25, 02:49",23
Baby,"4/26/25, 01:01",100
Baby,"4/25/25, 23:32",82
Baby,"4/25/25, 20:36",173
Baby,"4/25/25, 15:45",66
Baby,"4/25/25, 10:50",70
Baby,"4/25/25, 06:19",78,
Baby,"4/25/25, 05:52",24
Baby,"4/25/25, 05:31",14
Baby,"4/25/25, 03:24",123
Baby,"4/25/25, 02:48",30
Baby,"4/25/25, 02:36",9
Baby,"4/25/25, 02:24",8
Baby,"4/25/25, 01:09",74
Baby,"4/25/25, 01:01",7
Baby,"4/24/25, 23:58",61
Baby,"4/24/25, 23:45",10
Baby,"4/24/25, 21:32",132
Baby,"4/24/25, 20:57",31
Baby,"4/24/25, 15:25",105
Baby,"4/24/25, 10:36",92
Baby,"4/24/25, 04:54",107
Baby,"4/24/25, 01:53",177
Baby,"4/24/25, 01:08",41
Baby,"4/23/25, 22:31",136
Baby,"4/23/25, 21:33",46
Baby,"4/23/25, 20:53",35
Baby,"4/23/25, 15:58",56,
Baby,"4/23/25, 10:29",119
Baby,"4/23/25, 05:52",62,
Baby,"4/23/25, 05:27",13
Baby,"4/23/25, 04:13",68
Baby,"4/22/25, 23:33",272
Baby,"4/22/25, 21:07",143
Baby,"4/22/25, 17:30",41
Baby,"4/22/25, 13:16",66
Baby,"4/22/25, 09:08",38
Baby,"4/22/25, 05:53",56,
Baby,"4/22/25, 05:27",21
Baby,"4/22/25, 03:37",100
Baby,"4/22/25, 01:47",105
Baby,"4/22/25, 00:17",84
Baby,"4/21/25, 21:50",143
Baby,"4/21/25, 19:59",106
Baby,"4/21/25, 15:03",41
Baby,"4/21/25, 10:57",31
Baby,"4/21/25, 09:55",54
Baby,"4/21/25, 06:10",13,
Baby,"4/21/25, 05:43",25
Baby,"4/21/25, 02:32",182
Baby,"4/21/25, 00:48",71
Baby,"4/21/25, 00:04",43
Baby,"4/20/25, 23:52",11
Baby,"4/20/25, 21:54",115
Baby,"4/20/25, 21:44",9,
Baby,"4/20/25, 20:58",43,
Baby,"4/20/25, 17:14",45
Baby,"4/20/25, 11:41",91
Baby,"4/19/25, 20:30",674
Baby,"4/19/25, 14:59",92
Baby,"4/19/25, 10:30",64
Baby,"4/18/25, 20:46",629
Baby,"4/18/25, 06:06",11
Baby,"4/18/25, 05:19",44
Baby,"4/18/25, 04:37",41
Baby,"4/18/25, 04:02",31
Baby,"4/18/25, 03:43",16
Baby,"4/18/25, 00:18",202
Baby,"4/17/25, 23:33",40
Baby,"4/17/25, 22:47",43
Baby,"4/17/25, 20:48",110
Baby,"4/17/25, 20:36",7
Baby,"4/17/25, 16:11",47
Baby,"4/17/25, 11:40",55,
Baby,"4/17/25, 10:28",39
Baby,"4/17/25, 06:26",44,
Baby,"4/17/25, 05:54",29
Baby,"4/17/25, 04:43",67
Baby,"4/17/25, 01:35",184
Baby,"4/16/25, 23:54",97
Baby,"4/16/25, 23:19",34
Baby,"4/16/25, 21:56",82
Baby,"4/16/25, 21:39",7
Baby,"4/16/25, 20:57",35
Baby,"4/16/25, 15:20",96
Baby,"4/16/25, 09:38",121
Baby,"4/15/25, 20:34",585
Baby,"4/15/25, 15:15",93
Baby,"4/15/25, 10:32",86
Baby,"4/14/25, 20:33",623
Baby,"4/14/25, 14:35",142
Baby,"4/14/25, 10:26",32
Baby,"4/13/25, 21:27",581
Baby,"4/13/25, 16:15",91
Baby,"4/13/25, 10:46",100
Baby,"4/12/25, 22:07",577
Baby,"4/12/25, 16:28",89
Baby,"4/12/25, 11:15",63
Baby,"4/11/25, 22:57",556
Baby,"4/11/25, 21:02",104
Baby,"4/11/25, 15:54",85
Baby,"4/11/25, 10:27",115
Baby,"4/10/25, 20:37",0
Baby,"4/10/25, 14:53",99
Baby,"4/10/25, 10:10",92
Baby,"4/10/25, 06:28",38,
Baby,"4/10/25, 05:27",58
Baby,"4/10/25, 02:23",132
Baby,"4/9/25, 23:46",151
Baby,"4/9/25, 21:11",149
Baby,"4/9/25, 16:53",36
Baby,"4/9/25, 11:07",91
Baby,"4/8/25, 22:02",569
Baby,"4/8/25, 18:33",54
Baby,"4/8/25, 13:44",0
Baby,"4/8/25, 09:45",74
Baby,"4/7/25, 23:42",457
Baby,"4/7/25, 21:59",91,
Baby,"4/7/25, 17:49",66
Baby,"4/7/25, 13:14",94
Baby,"4/7/25, 09:25",46
Baby,"4/7/25, 06:20",57,
Baby,"4/7/25, 05:36",42
Baby,"4/7/25, 05:12",18
Baby,"4/7/25, 03:20",101
Baby,"4/7/25, 02:34",38
Baby,"4/7/25, 00:04",148
Baby,"4/6/25, 22:37",80
Baby,"4/6/25, 21:52",39
Baby,"4/6/25, 21:30",19
Baby,"4/6/25, 20:58",26
Baby,"4/6/25, 15:28",82
Baby,"4/6/25, 10:48",69
Baby,"4/6/25, 07:17",38,
Baby,"4/6/25, 06:22",49
Baby,"4/6/25, 05:28",51
Baby,"4/6/25, 04:38",43
Baby,"4/6/25, 02:57",93
Baby,"4/6/25, 00:15",138
Baby,"4/5/25, 21:21",141
Baby,"4/5/25, 17:26",65
Baby,"4/5/25, 11:11",157
Baby,"4/4/25, 23:52",529
Baby,"4/4/25, 22:45",58
Baby,"4/4/25, 22:12",28
Baby,"4/4/25, 21:43",15
Baby,"4/4/25, 17:24",48
Baby,"4/4/25, 14:30",25
Baby,"4/4/25, 10:17",63
Baby,"4/3/25, 22:11",573
Baby,"4/3/25, 18:36",86
Baby,"4/3/25, 14:24",50
Baby,"4/3/25, 10:37",76
Baby,"4/2/25, 22:02",599
Baby,"4/2/25, 17:55",31
Baby,"4/2/25, 13:40",72
Baby,"4/2/25, 09:33",34
Baby,"4/1/25, 22:07",537
Baby,"4/1/25, 18:55",33
Baby,"4/1/25, 14:12",85
Baby,"4/1/25, 09:48",72
Baby,"3/31/25, 22:31",492
Baby,"3/31/25, 21:49",4
Baby,"3/31/25, 19:12",31
Baby,"3/31/25, 15:35",37
Baby,"3/31/25, 10:55",86
Baby,"3/30/25, 22:08",598
Baby,"3/30/25, 18:37",53
Baby,"3/30/25, 14:50",78
Baby,"3/30/25, 10:10",73
Baby,"3/29/25, 22:32",511
Baby,"3/29/25, 18:35",34
Baby,"3/29/25, 14:34",66
Baby,"3/29/25, 10:24",71
Baby,"3/29/25, 01:55",321
Baby,"3/28/25, 22:08",184
Baby,"3/28/25, 17:35",81
Baby,"3/28/25, 14:01",88
Baby,"3/28/25, 09:57",87
Baby,"3/27/25, 22:04",545
Baby,"3/27/25, 16:39",85
Baby,"3/27/25, 12:22",67
Baby,"3/27/25, 10:35",34
Baby,"3/26/25, 21:58",622
Baby,"3/26/25, 21:13",39
Baby,"3/26/25, 16:21",72
Baby,"3/26/25, 12:23",54
Baby,"3/26/25, 08:05",72
Baby,"3/25/25, 21:53",477
Baby,"3/25/25, 20:57",35
Baby,"3/25/25, 20:08",33
Baby,"3/25/25, 15:28",51
Baby,"3/25/25, 12:59",35
Baby,"3/25/25, 08:30",93,
Baby,"3/24/25, 20:59",565
Baby,"3/24/25, 14:54",87,
Baby,"3/24/25, 10:43",59
Baby,"3/24/25, 10:02",30
Baby,"3/23/25, 21:51",581
Baby,"3/23/25, 21:11",28
Baby,"3/23/25, 17:33",42
Baby,"3/23/25, 13:10",71,
Baby,"3/23/25, 09:17",43
Baby,"3/22/25, 22:12",541
Baby,"3/22/25, 21:13",47
Baby,"3/22/25, 15:47",57
Baby,"3/22/25, 10:55",64
Baby,"3/22/25, 06:11",97
Baby,"3/22/25, 01:54",226
Baby,"3/21/25, 21:15",259
Baby,"3/21/25, 17:50",37
Baby,"3/21/25, 13:51",79
Baby,"3/21/25, 09:37",66
Baby,"3/20/25, 21:42",577
Baby,"3/20/25, 17:45",82
Baby,"3/20/25, 14:12",37
Baby,"3/20/25, 10:13",59
Baby,"3/19/25, 22:18",543
Baby,"3/19/25, 19:19",88
Baby,"3/19/25, 14:34",77
Baby,"3/19/25, 10:56",50
Baby,"3/19/25, 06:50",47,
Baby,"3/19/25, 04:06",124
Baby,"3/19/25, 02:53",44
Baby,"3/19/25, 01:14",96
Baby,"3/18/25, 20:34",270
Baby,"3/18/25, 14:54",50
Baby,"3/18/25, 09:25",117
Baby,"3/18/25, 06:32",26
Baby,"3/18/25, 06:08",21
Baby,"3/18/25, 03:57",116
Baby,"3/17/25, 21:18",388
Baby,"3/17/25, 18:48",36
Baby,"3/17/25, 13:45",127,
Baby,"3/17/25, 09:40",32,
Baby,"3/17/25, 05:01",111
Baby,"3/17/25, 00:57",232
Baby,"3/16/25, 21:26",200
Baby,"3/16/25, 18:31",36
Baby,"3/16/25, 14:48",72
Baby,"3/16/25, 09:11",132
Baby,"3/15/25, 21:23",566
Baby,"3/15/25, 19:05",40
Baby,"3/15/25, 16:03",35
Baby,"3/15/25, 11:15",70,
Baby,"3/14/25, 21:17",632
Baby,"3/14/25, 18:12",42
Baby,"3/14/25, 13:39",95
Baby,"3/14/25, 10:20",33
Baby,"3/13/25, 21:24",593
Baby,"3/13/25, 16:57",65
Baby,"3/13/25, 12:35",83
Baby,"3/13/25, 09:38",38
Baby,"3/12/25, 21:07",601
Baby,"3/12/25, 17:00",53
Baby,"3/12/25, 10:55",108
Baby,"3/12/25, 06:17",74
Baby,"3/12/25, 02:09",236
Baby,"3/12/25, 00:59",58,
Baby,"3/11/25, 21:29",208
Baby,"3/11/25, 17:35",95
Baby,"3/11/25, 13:39",46
Baby,"3/11/25, 10:30",33
Baby,"3/11/25, 07:30",23,
Baby,"3/11/25, 06:42",46
Baby,"3/11/25, 01:57",273
Baby,"3/10/25, 21:37",259
Baby,"3/10/25, 18:27",61
Baby,"3/10/25, 15:05",31
Baby,"3/10/25, 10:12",92
Baby,"3/10/25, 06:47",59,
Baby,"3/10/25, 06:21",6
Baby,"3/10/25, 03:45",126
Baby,"3/10/25, 00:33",167
Baby,"3/9/25, 21:08",171
Baby,"3/9/25, 15:56",86
Baby,"3/9/25, 11:14",92
Baby,"3/9/25, 07:03",92,
Baby,"3/9/25, 03:57",165
Baby,"3/8/25, 22:45",245,
Baby,"3/8/25, 22:31",13
Baby,"3/8/25, 20:12",125
Baby,"3/8/25, 16:30",75
Baby,"3/8/25, 12:22",84
Baby,"3/8/25, 08:36",80
Baby,"3/8/25, 05:57",30
Baby,"3/8/25, 00:15",198
Baby,"3/7/25, 22:55",56
Baby,"3/7/25, 21:12",89
Baby,"3/7/25, 12:12",122,
Baby,"3/7/25, 09:36",32
Baby,"3/7/25, 05:15",75,
Baby,"3/7/25, 04:26",13
Baby,"3/7/25, 03:27",17,
Baby,"3/7/25, 02:11",71
Baby,"3/6/25, 22:49",170,
Baby,"3/6/25, 20:54",113
Baby,"3/6/25, 20:09",24
Baby,"3/6/25, 16:23",35
Baby,"3/6/25, 13:15",72
Baby,"3/6/25, 09:03",76
Baby,"3/6/25, 05:49",37
Baby,"3/6/25, 03:48",116
Baby,"3/6/25, 02:07",83
Baby,"3/5/25, 22:28",161,
Baby,"3/5/25, 20:30",114
Baby,"3/5/25, 15:13",107
Baby,"3/5/25, 14:33",26
Baby,"3/5/25, 09:51",82
Baby,"3/5/25, 06:25",16,
Baby,"3/5/25, 05:44",39
Baby,"3/5/25, 05:18",26,
Baby,"3/5/25, 03:44",79
Baby,"3/5/25, 02:07",84
Baby,"3/5/25, 01:34",19,
Baby,"3/4/25, 23:47",106,
Baby,"3/4/25, 23:05",40,
Baby,"3/4/25, 22:49",16
Baby,"3/4/25, 21:15",78
Baby,"3/4/25, 20:43",27
Baby,"3/4/25, 17:10",36
Baby,"3/4/25, 12:13",91
Baby,"3/4/25, 08:30",50,
Baby,"3/3/25, 20:56",582
Baby,"3/3/25, 15:32",79
Baby,"3/3/25, 09:25",120
Baby,"3/3/25, 08:52",19
Baby,"3/3/25, 00:35",134
Baby,"3/2/25, 22:27",124
Baby,"3/2/25, 20:56",80
Baby,"3/2/25, 15:47",86
Baby,"3/2/25, 11:21",79,
Baby,"3/2/25, 08:40",26,
Baby,"3/1/25, 20:41",560
Baby,"3/1/25, 15:08",100
Baby,"3/1/25, 10:08",78,
Baby,"3/1/25, 06:20",41,
Baby,"3/1/25, 02:33",197,
Baby,"2/28/25, 21:50",280
Baby,"2/28/25, 18:26",84,
Baby,"2/28/25, 13:55",91
Baby,"2/28/25, 09:00",93,
Baby,"2/27/25, 20:39",565
Baby,"2/27/25, 15:00",75
Baby,"2/27/25, 10:31",97
Baby,"2/26/25, 20:29",0
Baby,"2/26/25, 17:50",0
Baby,"2/26/25, 15:05",23
Baby,"2/26/25, 10:14",98
Baby,"2/26/25, 07:42",4
Baby,"2/25/25, 20:46",149
Baby,"2/25/25, 14:15",67
Baby,"2/25/25, 09:41",81
Baby,"2/25/25, 06:27",51,
Baby,"2/25/25, 03:54",138
Baby,"2/25/25, 00:08",215,
Baby,"2/24/25, 20:04",203,
Baby,"2/24/25, 13:12",88
Baby,"2/24/25, 09:48",47
Baby,"2/24/25, 09:19",0
Baby,"2/23/25, 22:03",542,
Baby,"2/23/25, 21:39",20
Baby,"2/23/25, 21:00",24
Baby,"2/23/25, 18:47",37
Baby,"2/23/25, 14:44",34
Baby,"2/23/25, 11:30",32,
Baby,"2/23/25, 02:02",256
Baby,"2/22/25, 23:39",114
Baby,"2/22/25, 21:34",122
Baby,"2/22/25, 18:09",89
Baby,"2/22/25, 14:30",54
Baby,"2/22/25, 09:18",139,
Baby,"2/22/25, 06:14",38
Baby,"2/22/25, 04:49",80
Baby,"2/22/25, 00:00",179,
Baby,"2/21/25, 21:12",157
Baby,"2/21/25, 20:17",27
Baby,"2/21/25, 16:50",40
Baby,"2/21/25, 14:02",29
Baby,"2/21/25, 08:55",117
Baby,"2/21/25, 05:28",55
Baby,"2/21/25, 02:34",131
Baby,"2/21/25, 00:12",138
Baby,"2/20/25, 20:39",189
Baby,"2/20/25, 17:28",27
Baby,"2/20/25, 13:38",82
Baby,"2/20/25, 09:03",72
Baby,"2/19/25, 20:43",595
Baby,"2/19/25, 16:27",39
Baby,"2/19/25, 13:14",75
Baby,"2/19/25, 08:53",98
Baby,"2/19/25, 05:42",32
Baby,"2/19/25, 05:31",5
Baby,"2/19/25, 04:13",75
Baby,"2/19/25, 01:37",153
Baby,"2/18/25, 23:54",96
Baby,"2/18/25, 22:39",72
Baby,"2/18/25, 21:33",61
Baby,"2/18/25, 21:03",22
Baby,"2/18/25, 16:37",90
Baby,"2/18/25, 12:48",55
Baby,"2/18/25, 09:54",42
Baby,"2/18/25, 05:14",118,
Baby,"2/18/25, 03:24",95
Baby,"2/18/25, 00:54",139
Baby,"2/17/25, 23:24",82
Baby,"2/17/25, 22:42",37
Baby,"2/17/25, 21:17",79
Baby,"2/17/25, 16:22",46
Baby,"2/17/25, 13:31",79
Baby,"2/17/25, 10:22",39
Baby,"2/17/25, 06:40",52,
Baby,"2/17/25, 05:53",36
Baby,"2/17/25, 04:19",85
Baby,"2/17/25, 03:32",37
Baby,"2/17/25, 01:07",127
Baby,"2/17/25, 00:43",13
Baby,"2/16/25, 21:36",173
Baby,"2/16/25, 18:43",61
Baby,"2/16/25, 15:26",36
Baby,"2/16/25, 10:38",56
Baby,"2/16/25, 10:02",29
Baby,"2/16/25, 06:04",65,
Baby,"2/16/25, 04:46",68
Baby,"2/16/25, 03:33",65
Baby,"2/16/25, 02:55",34
Baby,"2/16/25, 01:26",82
Baby,"2/15/25, 20:56",258
Baby,"2/15/25, 16:45",75
Baby,"2/15/25, 13:37",25
Baby,"2/15/25, 09:20",96
Baby,"2/15/25, 06:33",33,
Baby,"2/15/25, 06:07",23,
Baby,"2/15/25, 04:32",72
Baby,"2/15/25, 02:14",129
Baby,"2/14/25, 23:56",126
Baby,"2/14/25, 22:35",75
Baby,"2/14/25, 21:47",42
Baby,"2/14/25, 20:51",31
Baby,"2/14/25, 17:52",48
Baby,"2/14/25, 13:33",82
Baby,"2/14/25, 09:02",58
Baby,"2/13/25, 20:43",624
Baby,"2/13/25, 17:45",40
Baby,"2/13/25, 12:31",147
Baby,"2/13/25, 09:30",45
Baby,"2/13/25, 05:21",71
Baby,"2/13/25, 05:05",10
Baby,"2/13/25, 02:38",118
Baby,"2/13/25, 00:15",111
Baby,"2/12/25, 23:58",12
Baby,"2/12/25, 20:45",181
Baby,"2/12/25, 16:53",72
Baby,"2/12/25, 13:22",20
Baby,"2/12/25, 09:58",77
Baby,"2/11/25, 20:03",678
Baby,"2/11/25, 15:43",55
Baby,"2/11/25, 10:56",87
Baby,"2/11/25, 06:35",88,
Baby,"2/11/25, 05:08",33
Baby,"2/11/25, 03:33",89
Baby,"2/11/25, 02:26",49
Baby,"2/11/25, 01:04",76
Baby,"2/10/25, 22:29",132
Baby,"2/10/25, 20:58",83
Baby,"2/10/25, 17:45",34
Baby,"2/10/25, 13:58",79
Baby,"2/10/25, 10:14",77
Baby,"2/10/25, 06:30",79,
Baby,"2/10/25, 05:05",42
Baby,"2/10/25, 04:52",11
Baby,"2/10/25, 02:47",111
Baby,"2/10/25, 01:16",86
Baby,"2/9/25, 22:23",159
Baby,"2/9/25, 21:14",65
Baby,"2/9/25, 20:23",48
Baby,"2/9/25, 19:43",15
Baby,"2/9/25, 17:10",27
Baby,"2/9/25, 12:57",72
Baby,"2/9/25, 09:24",66
Baby,"2/9/25, 06:17",38
Baby,"2/9/25, 04:59",76
Baby,"2/9/25, 02:44",118
Baby,"2/9/25, 00:42",109
Baby,"2/8/25, 20:46",228
Baby,"2/8/25, 20:27",8
Baby,"2/8/25, 17:00",38
Baby,"2/8/25, 12:56",75
Baby,"2/8/25, 08:35",103
Baby,"2/8/25, 04:32",99
Baby,"2/8/25, 01:16",188
Baby,"2/7/25, 23:05",107
Baby,"2/7/25, 21:33",74
Baby,"2/7/25, 18:17",30
Baby,"2/7/25, 13:02",146
Baby,"2/7/25, 09:54",60
Baby,"2/7/25, 04:55",163
Baby,"2/7/25, 00:06",216
Baby,"2/6/25, 22:08",91
Baby,"2/6/25, 18:20",29
Baby,"2/6/25, 15:27",42
Baby,"2/6/25, 12:00",96
Baby,"2/6/25, 08:55",49
Baby,"2/6/25, 05:49",64,
Baby,"2/6/25, 05:00",37
Baby,"2/6/25, 04:07",9
Baby,"2/6/25, 01:23",115
Baby,"2/6/25, 00:53",19
Baby,"2/5/25, 22:48",102
Baby,"2/5/25, 21:06",79
Baby,"2/5/25, 16:21",179,
Baby,"2/5/25, 13:01",31
Baby,"2/5/25, 08:40",106,
Baby,"2/5/25, 05:28",38
Baby,"2/5/25, 04:31",53
Baby,"2/5/25, 01:52",146
Baby,"2/4/25, 22:37",183
Baby,"2/4/25, 22:22",5
Baby,"2/4/25, 20:50",70
Baby,"2/4/25, 16:58",73
Baby,"2/4/25, 13:08",62
Baby,"2/4/25, 08:48",108,
Baby,"2/4/25, 04:18",119
Baby,"2/4/25, 02:27",105
Baby,"2/3/25, 21:06",304
Baby,"2/3/25, 18:11",105,
Baby,"2/3/25, 14:05",64,
Baby,"2/3/25, 09:53",0,
Baby,"2/3/25, 06:25",54,
Baby,"2/3/25, 03:53",111
Baby,"2/3/25, 02:01",85
Baby,"2/2/25, 22:30",193
Baby,"2/2/25, 21:06",69,
Baby,"2/2/25, 19:30",87
Baby,"2/2/25, 16:52",30
Baby,"2/2/25, 12:58",67,
Baby,"2/2/25, 09:15",72,
Baby,"2/2/25, 05:25",84
Baby,"2/2/25, 04:19",42
Baby,"2/1/25, 22:53",288
Baby,"2/1/25, 19:51",172,
Baby,"2/1/25, 16:10",57
Baby,"2/1/25, 13:52",26
Baby,"2/1/25, 11:37",39
Baby,"2/1/25, 08:34",63
Baby,"2/1/25, 04:40",107
Baby,"2/1/25, 04:14",20
Baby,"2/1/25, 03:45",29
Baby,"2/1/25, 02:11",69
Baby,"2/1/25, 01:24",21,
Baby,"2/1/25, 00:03",75,
Baby,"1/31/25, 23:33",22
Baby,"1/31/25, 22:30",55
Baby,"1/31/25, 21:54",12
Baby,"1/31/25, 20:49",38
Baby,"1/31/25, 20:03",42
Baby,"1/31/25, 16:22",68
Baby,"1/31/25, 12:27",77
Baby,"1/31/25, 08:47",72,
Baby,"1/31/25, 00:46",177
Baby,"1/30/25, 22:45",104
Baby,"1/30/25, 20:31",132
Baby,"1/30/25, 17:40",39
Baby,"1/30/25, 13:55",105
Baby,"1/30/25, 10:14",67
Baby,"1/30/25, 06:08",110,
Baby,"1/30/25, 01:10",133
Baby,"1/29/25, 21:53",184
Baby,"1/29/25, 20:38",68
Baby,"1/29/25, 18:36",37
Baby,"1/29/25, 15:31",22
Baby,"1/29/25, 12:35",26
Baby,"1/29/25, 08:35",78,
Baby,"1/29/25, 05:01",78
Baby,"1/29/25, 04:44",16
Baby,"1/29/25, 01:25",190
Baby,"1/29/25, 00:28",27,
Baby,"1/29/25, 00:00",17,
Baby,"1/28/25, 23:06",35,
Baby,"1/28/25, 19:50",189
Baby,"1/28/25, 12:20",0
Baby,"1/28/25, 08:52",65
Baby,"1/28/25, 05:43",54
Baby,"1/28/25, 05:21",15
Baby,"1/28/25, 04:10",65
Baby,"1/28/25, 00:13",221
Baby,"1/27/25, 22:18",89
Baby,"1/27/25, 21:47",24
Baby,"1/27/25, 19:45",113
Baby,"1/27/25, 17:01",23
Baby,"1/27/25, 12:59",84,
Baby,"1/27/25, 09:52",34
Baby,"1/27/25, 06:20",83,
Baby,"1/27/25, 06:06",10
Baby,"1/27/25, 05:26",32
Baby,"1/27/25, 05:01",19
Baby,"1/26/25, 20:00",619,
Baby,"1/26/25, 16:52",55
Baby,"1/26/25, 13:01",69
Baby,"1/26/25, 09:45",65,
Baby,"1/26/25, 06:12",87,
Baby,"1/26/25, 05:51",14
Baby,"1/26/25, 05:00",38
Baby,"1/26/25, 03:04",109
Baby,"1/26/25, 01:49",66
Baby,"1/26/25, 01:46",69
Baby,"1/26/25, 00:28",70
Baby,"1/26/25, 00:24",75
Baby,"1/25/25, 20:23",236
Baby,"1/25/25, 17:26",64
Baby,"1/25/25, 13:14",69,
Baby,"1/25/25, 09:15",76
Baby,"1/25/25, 06:32",8
Baby,"1/25/25, 05:04",78
Baby,"1/25/25, 02:17",134
Baby,"1/25/25, 01:53",10
Baby,"1/24/25, 19:57",340
Baby,"1/24/25, 15:08",40
Baby,"1/24/25, 12:20",31,
Baby,"1/24/25, 08:40",73,
Baby,"1/24/25, 03:19",149
Baby,"1/24/25, 02:18",13
Baby,"1/23/25, 23:41",138,
Baby,"1/23/25, 22:50",37
Baby,"1/23/25, 22:16",29
Baby,"1/23/25, 19:43",146
Baby,"1/23/25, 15:51",37
Baby,"1/23/25, 13:02",72
Baby,"1/23/25, 09:16",73
Baby,"1/23/25, 00:10",130,
Baby,"1/22/25, 22:27",43,
Baby,"1/22/25, 21:20",66,
Baby,"1/22/25, 19:42",94,
Baby,"1/22/25, 14:39",83
Baby,"1/22/25, 11:27",50,
Baby,"1/22/25, 08:38",38,
Baby,"1/22/25, 05:45",60
Baby,"1/22/25, 03:20",72
Baby,"1/22/25, 01:28",88
Baby,"1/22/25, 01:07",10
Baby,"1/21/25, 22:41",128
Baby,"1/21/25, 21:58",32
Baby,"1/21/25, 21:03",36
Baby,"1/21/25, 19:21",89
Baby,"1/21/25, 15:00",49
Baby,"1/21/25, 11:36",65
Baby,"1/21/25, 09:00",36,
Baby,"1/21/25, 06:00",46,
Baby,"1/21/25, 02:30",182
Baby,"1/21/25, 02:10",8,
Baby,"1/20/25, 22:48",178
Baby,"1/20/25, 18:59",215
Baby,"1/20/25, 13:26",99
Baby,"1/20/25, 10:10",34,
Baby,"1/20/25, 05:55",118,
Baby,"1/20/25, 05:28",15
Baby,"1/20/25, 02:19",188
Baby,"1/19/25, 23:36",152
Baby,"1/19/25, 20:30",172
Baby,"1/19/25, 19:44",36
Baby,"1/19/25, 16:58",45
Baby,"1/19/25, 12:16",108
Baby,"1/19/25, 08:18",70,
Baby,"1/19/25, 03:55",116
Baby,"1/19/25, 02:56",47
Baby,"1/19/25, 01:28",82
Baby,"1/18/25, 23:28",114,
Baby,"1/18/25, 23:02",19,
Baby,"1/18/25, 22:51",8
Baby,"1/18/25, 19:04",205
Baby,"1/18/25, 15:49",30,
Baby,"1/18/25, 12:40",42
Baby,"1/18/25, 08:45",68,
Baby,"1/18/25, 06:16",21
Baby,"1/18/25, 04:00",132
Baby,"1/18/25, 01:31",144,
Baby,"1/17/25, 23:29",117,
Baby,"1/17/25, 23:10",9
Baby,"1/17/25, 22:33",27
Baby,"1/17/25, 19:39",158
Baby,"1/17/25, 14:23",119
Baby,"1/17/25, 12:37",28
Baby,"1/17/25, 08:45",65
Baby,"1/17/25, 04:47",112,
Baby,"1/17/25, 01:54",128
Baby,"1/16/25, 22:39",182
Baby,"1/16/25, 21:16",63
Baby,"1/16/25, 20:35",33
Baby,"1/16/25, 18:02",54
Baby,"1/16/25, 14:30",48
Baby,"1/16/25, 12:23",21
Baby,"1/16/25, 09:15",63,
Baby,"1/16/25, 06:22",30
Baby,"1/16/25, 05:16",52
Baby,"1/16/25, 04:53",10
Baby,"1/16/25, 02:27",135
Baby,"1/15/25, 23:19",184
Baby,"1/15/25, 20:25",160
Baby,"1/15/25, 16:59",39
Baby,"1/15/25, 12:52",73
Baby,"1/15/25, 09:05",65,
Baby,"1/15/25, 05:54",54,
Baby,"1/15/25, 05:18",21
Baby,"1/15/25, 03:22",102
Baby,"1/14/25, 23:58",188
Baby,"1/14/25, 20:45",186
Baby,"1/14/25, 20:11",11
Baby,"1/14/25, 19:46",16
Baby,"1/14/25, 17:18",4
Baby,"1/14/25, 16:14",53
Baby,"1/14/25, 13:08",29
Baby,"1/14/25, 09:08",85
Baby,"1/14/25, 06:14",46
Baby,"1/14/25, 02:53",186
Baby,"1/14/25, 02:32",15
Baby,"1/13/25, 20:52",325,
Baby,"1/13/25, 20:15",16,
Baby,"1/13/25, 19:22",34
Baby,"1/13/25, 16:49",19
Baby,"1/13/25, 13:13",65,
Baby,"1/13/25, 09:10",67,
Baby,"1/13/25, 06:21",45
Baby,"1/13/25, 03:47",101
Baby,"1/13/25, 01:37",103
Baby,"1/12/25, 23:44",83
Baby,"1/12/25, 22:54",9
Baby,"1/12/25, 21:47",55
Baby,"1/12/25, 20:30",60
Baby,"1/12/25, 16:03",60
Baby,"1/12/25, 13:06",69
Baby,"1/12/25, 09:30",61
Baby,"1/12/25, 09:03",16
Baby,"1/12/25, 04:53",107
Baby,"1/11/25, 22:05",347
Baby,"1/11/25, 20:16",98
Baby,"1/11/25, 16:30",79
Baby,"1/11/25, 13:15",34
Baby,"1/11/25, 10:15",30,
Baby,"1/11/25, 06:34",86
Baby,"1/11/25, 02:46",164
Baby,"1/10/25, 23:38",175
Baby,"1/10/25, 20:03",188
Baby,"1/10/25, 16:34",53
Baby,"1/10/25, 13:31",28
Baby,"1/10/25, 09:31",85
Baby,"1/10/25, 06:15",49
Baby,"1/10/25, 05:23",5
Baby,"1/10/25, 01:59",190
Baby,"1/9/25, 22:09",196
Baby,"1/9/25, 18:41",166
Baby,"1/9/25, 15:10",21
Baby,"1/9/25, 14:34",28
Baby,"1/9/25, 11:29",40
Baby,"1/9/25, 11:07",2
Baby,"1/9/25, 08:30",55,
Baby,"1/9/25, 05:40",53
Baby,"1/9/25, 02:22",173
Baby,"1/9/25, 01:34",45
Baby,"1/8/25, 18:36",375
Baby,"1/8/25, 18:15",16
Baby,"1/8/25, 17:25",45
Baby,"1/8/25, 14:50",0
Baby,"1/8/25, 11:54",31
Baby,"1/8/25, 08:47",54
Baby,"1/8/25, 06:37",12
Baby,"1/8/25, 03:54",142
Baby,"1/7/25, 23:25",218
Baby,"1/7/25, 20:29",161
Baby,"1/7/25, 20:07",12,
Baby,"1/7/25, 19:41",17
Baby,"1/7/25, 15:51",24
Baby,"1/7/25, 12:02",79,
Baby,"1/7/25, 09:50",24
Baby,"1/7/25, 06:20",61
Baby,"1/7/25, 05:00",43
Baby,"1/7/25, 00:32",229
Baby,"1/6/25, 21:02",193,
Baby,"1/6/25, 19:59",58
Baby,"1/6/25, 18:25",78
Baby,"1/6/25, 15:37",20
Baby,"1/6/25, 12:15",31
Baby,"1/6/25, 08:59",58
Baby,"1/6/25, 04:59",96
Baby,"1/6/25, 04:08",9,
Baby,"1/6/25, 01:57",112
Baby,"1/5/25, 22:28",153,
Baby,"1/5/25, 20:00",141
Baby,"1/5/25, 16:30",88
Baby,"1/5/25, 12:41",60
Baby,"1/5/25, 12:05",26
Baby,"1/5/25, 08:38",48
Baby,"1/5/25, 04:42",115,
Baby,"1/4/25, 23:59",248,
Baby,"1/4/25, 23:26",9,
Baby,"1/4/25, 19:55",191,
Baby,"1/4/25, 17:07",40
Baby,"1/4/25, 16:22",23
Baby,"1/4/25, 12:46",49
Baby,"1/4/25, 12:06",24
Baby,"1/4/25, 09:51",6
Baby,"1/4/25, 08:57",47
Baby,"1/4/25, 06:00",37
Baby,"1/4/25, 03:54",106
Baby,"1/4/25, 00:31",170
Baby,"1/3/25, 22:33",66
Baby,"1/3/25, 21:49",18
Baby,"1/3/25, 18:33",180
Baby,"1/3/25, 15:16",62
Baby,"1/3/25, 14:40",23
Baby,"1/3/25, 10:42",82
Baby,"1/3/25, 06:07",134
Baby,"1/3/25, 04:22",68
Baby,"1/3/25, 02:59",68
Baby,"1/2/25, 21:01",349
Baby,"1/2/25, 18:30",56
Baby,"1/2/25, 14:34",98
Baby,"1/2/25, 11:46",46
Baby,"1/2/25, 11:07",30
Baby,"1/2/25, 08:23",29
Baby,"1/2/25, 02:26",222
Baby,"1/2/25, 00:50",74,
Baby,"1/1/25, 21:40",182
Baby,"1/1/25, 20:43",50
Baby,"1/1/25, 19:45",55
Baby,"1/1/25, 16:00",55
Baby,"1/1/25, 14:04",22
Baby,"1/1/25, 10:13",100
Baby,"1/1/25, 07:31",32
Baby,"1/1/25, 02:23",203
Baby,"12/31/24, 21:14",298
Baby,"12/31/24, 19:56",74
Baby,"12/31/24, 17:46",15
Baby,"12/31/24, 17:05",28
Baby,"12/31/24, 13:16",60
Baby,"12/31/24, 08:47",122
Baby,"12/31/24, 05:26",60
Baby,"12/31/24, 02:46",144
Baby,"12/30/24, 20:57",337
Baby,"12/30/24, 17:32",98
Baby,"12/30/24, 16:56",22
Baby,"12/30/24, 13:05",50
Baby,"12/30/24, 12:23",21
Baby,"12/30/24, 09:32",49
Baby,"12/30/24, 08:43",35
Baby,"12/30/24, 06:17",26
Baby,"12/30/24, 03:52",115
Baby,"12/29/24, 20:50",398
Baby,"12/29/24, 20:08",26
Baby,"12/29/24, 18:08",29
Baby,"12/29/24, 12:24",133
Baby,"12/29/24, 08:48",63
Baby,"12/29/24, 04:34",126
Baby,"12/28/24, 20:02",497
Baby,"12/28/24, 16:27",58
Baby,"12/28/24, 16:00",17
Baby,"12/28/24, 12:20",69
Baby,"12/28/24, 08:52",70
Baby,"12/28/24, 03:41",179
Baby,"12/28/24, 01:29",73
Baby,"12/27/24, 20:40",276
Baby,"12/27/24, 18:24",17
Baby,"12/27/24, 17:52",23
Baby,"12/27/24, 17:21",20
Baby,"12/27/24, 13:48",23
Baby,"12/27/24, 10:19",59
Baby,"12/27/24, 07:28",39
Baby,"12/26/24, 23:17",335
Baby,"12/26/24, 22:51",21
Baby,"12/26/24, 20:15",146
Baby,"12/26/24, 15:58",88
Baby,"12/26/24, 15:26",18
Baby,"12/26/24, 11:53",50
Baby,"12/26/24, 09:51",27
Baby,"12/26/24, 07:25",40
Baby,"12/26/24, 04:59",55
Baby,"12/26/24, 03:22",88
Baby,"12/25/24, 18:33",524
Baby,"12/25/24, 16:36",26
Baby,"12/25/24, 12:59",33
Baby,"12/25/24, 08:39",82
Baby,"12/24/24, 23:54",382
Baby,"12/24/24, 20:49",167
Baby,"12/24/24, 18:04",40
Baby,"12/24/24, 14:51",55
Baby,"12/24/24, 13:05",30
Baby,"12/24/24, 12:44",12
Baby,"12/24/24, 08:49",44
Baby,"12/24/24, 06:29",21
Baby,"12/24/24, 03:20",172
Baby,"12/23/24, 22:30",252
Baby,"12/23/24, 22:10",12
Baby,"12/23/24, 19:36",147
Baby,"12/23/24, 16:07",24
Baby,"12/23/24, 13:34",39
Baby,"12/23/24, 09:32",69
Baby,"12/23/24, 06:02",42
Baby,"12/23/24, 00:30",310
Baby,"12/22/24, 20:38",199
Baby,"12/22/24, 17:46",40
Baby,"12/22/24, 15:36",19
Baby,"12/22/24, 12:22",48
Baby,"12/22/24, 08:35",75
Baby,"12/22/24, 05:38",67
Baby,"12/22/24, 05:03",21
Baby,"12/22/24, 01:47",186
Baby,"12/21/24, 20:55",277
Baby,"12/21/24, 17:54",35
Baby,"12/21/24, 15:10",31
Baby,"12/21/24, 12:13",36
Baby,"12/21/24, 09:45",43
Baby,"12/21/24, 05:56",106,
Baby,"12/20/24, 21:57",382,
Baby,"12/20/24, 17:43",152
Baby,"12/20/24, 13:48",61
Baby,"12/20/24, 13:16",22
Baby,"12/20/24, 10:13",51
Baby,"12/20/24, 06:33",96
Baby,"12/20/24, 03:46",128,
Baby,"12/20/24, 01:43",102
Baby,"12/20/24, 01:21",9
Baby,"12/19/24, 21:24",214
Baby,"12/19/24, 20:26",44
Baby,"12/19/24, 18:05",19
Baby,"12/19/24, 14:49",33
Baby,"12/19/24, 11:54",47
Baby,"12/19/24, 08:17",69
Baby,"12/19/24, 04:02",132
Baby,"12/19/24, 00:20",203
Baby,"12/18/24, 19:37",266
Baby,"12/18/24, 18:37",27
Baby,"12/18/24, 16:15",29
Baby,"12/18/24, 14:44",33
Baby,"12/18/24, 12:31",29
Baby,"12/18/24, 09:18",42
Baby,"12/18/24, 08:38",24
Baby,"12/18/24, 05:46",56
Baby,"12/18/24, 04:20",77
Baby,"12/17/24, 20:26",433
Baby,"12/17/24, 19:41",40
Baby,"12/17/24, 18:06",83
Baby,"12/17/24, 15:58",22
Baby,"12/17/24, 12:59",45
Baby,"12/17/24, 08:43",147
Baby,"12/17/24, 04:34",144
Baby,"12/17/24, 04:25",6
Baby,"12/16/24, 21:23",393
Baby,"12/16/24, 20:07",57
Baby,"12/16/24, 16:08",86
Baby,"12/16/24, 13:20",39
Baby,"12/16/24, 10:41",57
Baby,"12/16/24, 06:13",144
Baby,"12/16/24, 05:01",50
Baby,"12/16/24, 01:49",176
Baby,"12/15/24, 19:21",353
Baby,"12/15/24, 17:02",19
Baby,"12/15/24, 15:10",13
Baby,"12/15/24, 11:22",88
Baby,"12/15/24, 08:40",33
Baby,"12/15/24, 06:14",50
Baby,"12/15/24, 04:40",69
Baby,"12/15/24, 02:37",113
Baby,"12/15/24, 02:15",11
Baby,"12/14/24, 21:36",256
Baby,"12/14/24, 19:23",18
Baby,"12/14/24, 16:55",55
Baby,"12/14/24, 12:25",61
Baby,"12/14/24, 11:56",21
Baby,"12/14/24, 08:30",67
Baby,"12/14/24, 05:50",27
Baby,"12/14/24, 00:55",284
Baby,"12/14/24, 00:33",10
Baby,"12/13/24, 19:38",280
Baby,"12/13/24, 15:00",96
Baby,"12/13/24, 13:15",24
Baby,"12/13/24, 11:10",20
Baby,"12/13/24, 08:33",31
Baby,"12/13/24, 00:26",350
Baby,"12/12/24, 20:58",192
Baby,"12/12/24, 20:13",13
Baby,"12/12/24, 17:10",39
Baby,"12/12/24, 15:02",58
Baby,"12/12/24, 11:34",101
Baby,"12/12/24, 09:40",22
Baby,"12/12/24, 06:13",84
Baby,"12/12/24, 05:05",62
Baby,"12/12/24, 03:12",71
Baby,"12/12/24, 02:08",50
Baby,"12/12/24, 01:42",64
Baby,"12/11/24, 22:09",191
Baby,"12/11/24, 17:34",125
Baby,"12/11/24, 16:30",36
Baby,"12/11/24, 14:32",25
Baby,"12/11/24, 14:02",20
Baby,"12/11/24, 10:08",61
Baby,"12/11/24, 06:40",47
Baby,"12/11/24, 06:27",5
Baby,"12/11/24, 05:12",9
Baby,"12/11/24, 01:02",198
Baby,"12/11/24, 00:43",12
Baby,"12/10/24, 21:32",175
Baby,"12/10/24, 18:36",82
Baby,"12/10/24, 15:34",24
Baby,"12/10/24, 13:11",56
Baby,"12/10/24, 09:58",48
Baby,"12/10/24, 06:44",56
Baby,"12/10/24, 06:30",5
Baby,"12/10/24, 05:38",43
Baby,"12/10/24, 04:03",68
Baby,"12/10/24, 00:39",191
Baby,"12/9/24, 20:41",160
Baby,"12/9/24, 18:42",95
Baby,"12/9/24, 14:08",105
Baby,"12/9/24, 13:26",21
Baby,"12/9/24, 09:55",54
Baby,"12/9/24, 09:14",30
Baby,"12/9/24, 04:04",177
Baby,"12/8/24, 22:06",291
Baby,"12/8/24, 21:25",31
Baby,"12/8/24, 18:12",72
Baby,"12/8/24, 16:05",29
Baby,"12/8/24, 14:22",20
Baby,"12/8/24, 11:39",22
Baby,"12/8/24, 09:12",32
Baby,"12/8/24, 06:30",63
Baby,"12/8/24, 03:01",153
Baby,"12/7/24, 21:07",292
Baby,"12/7/24, 16:34",120
Baby,"12/7/24, 14:12",24
Baby,"12/7/24, 11:54",27
Baby,"12/7/24, 08:17",70
Baby,"12/7/24, 06:08",5
Baby,"12/7/24, 04:27",67
Baby,"12/7/24, 02:22",114
Baby,"12/7/24, 00:20",66
Baby,"12/6/24, 19:21",263
Baby,"12/6/24, 18:24",29
Baby,"12/6/24, 15:36",63
Baby,"12/6/24, 11:42",103
Baby,"12/6/24, 08:19",86
Baby,"12/6/24, 04:02",131
Baby,"12/5/24, 23:53",236
Baby,"12/5/24, 20:04",201
Baby,"12/5/24, 17:38",29
Baby,"12/5/24, 14:39",77
Baby,"12/5/24, 14:03",28
Baby,"12/5/24, 11:58",19
Baby,"12/5/24, 10:13",12
Baby,"12/5/24, 09:34",34
Baby,"12/5/24, 09:15",10
Baby,"12/5/24, 05:36",59
Baby,"12/5/24, 04:10",80
Baby,"12/4/24, 23:18",337
Baby,"12/4/24, 20:14",172
Baby,"12/4/24, 17:30",33
Baby,"12/4/24, 15:46",8
Baby,"12/4/24, 11:30",120
Baby,"12/4/24, 10:04",6
Baby,"12/4/24, 08:29",2
Baby,"12/4/24, 08:12",12
Baby,"12/4/24, 01:27",255
Baby,"12/3/24, 18:44",376
Baby,"12/3/24, 18:06",2
Baby,"12/3/24, 18:00",1
Baby,"12/3/24, 17:39",13
Baby,"12/3/24, 13:59",88
Baby,"12/3/24, 12:40",28
Baby,"12/3/24, 09:24",28
Baby,"12/3/24, 06:28",43
Baby,"12/3/24, 05:29",40
Baby,"12/3/24, 01:32",179
Baby,"12/2/24, 22:02",189
Baby,"12/2/24, 21:24",34
Baby,"12/2/24, 20:28",53
Baby,"12/2/24, 19:13",31
Baby,"12/2/24, 15:51",59
Baby,"12/2/24, 12:05",91
Baby,"12/2/24, 08:22",86
Baby,"12/2/24, 03:24",177
Baby,"12/2/24, 01:00",120
Baby,"12/1/24, 23:44",12
Baby,"12/1/24, 20:18",194
Baby,"12/1/24, 17:48",38
Baby,"12/1/24, 15:39",17
Baby,"12/1/24, 12:17",74
Baby,"12/1/24, 11:49",23
Baby,"12/1/24, 08:56",45
Baby,"12/1/24, 06:17",37
Baby,"12/1/24, 01:22",266
Baby,"11/30/24, 20:58",167
Baby,"11/30/24, 20:13",27
Baby,"11/30/24, 18:49",22
Baby,"11/30/24, 13:53",119
Baby,"11/30/24, 11:34",22
Baby,"11/30/24, 09:18",48
Baby,"11/30/24, 06:32",46
Baby,"11/30/24, 03:50",116
Baby,"11/30/24, 02:36",60
Baby,"11/29/24, 21:22",271
Baby,"11/29/24, 20:18",36
Baby,"11/29/24, 18:03",28
Baby,"11/29/24, 15:42",23
Baby,"11/29/24, 12:37",20
Baby,"11/29/24, 12:09",24
Baby,"11/29/24, 09:31",23
Baby,"11/29/24, 09:03",17
Baby,"11/29/24, 04:26",161
Baby,"11/29/24, 03:09",75
Baby,"11/29/24, 00:26",129
Baby,"11/28/24, 23:32",6
Baby,"11/28/24, 20:38",142
Baby,"11/28/24, 20:00",19
Baby,"11/28/24, 18:04",7
Baby,"11/28/24, 17:32",17
Baby,"11/28/24, 16:25",4
Baby,"11/28/24, 16:02",14
Baby,"11/28/24, 13:25",44
Baby,"11/28/24, 11:25",26
Baby,"11/28/24, 09:16",14
Baby,"11/28/24, 08:45",27
Baby,"11/28/24, 08:19",19
Baby,"11/28/24, 06:09",32
Baby,"11/28/24, 05:17",24
Baby,"11/28/24, 02:31",114
Baby,"11/27/24, 20:55",305
Baby,"11/27/24, 18:19",47
Baby,"11/27/24, 17:26",42
Baby,"11/27/24, 14:34",38
Baby,"11/27/24, 12:55",17
Baby,"11/27/24, 09:04",125
Baby,"11/27/24, 04:25",170
Baby,"11/26/24, 20:22",443
Baby,"11/26/24, 18:01",43
Baby,"11/26/24, 13:18",125
Baby,"11/26/24, 11:26",25
Baby,"11/26/24, 08:53",24
Baby,"11/26/24, 06:28",53
Baby,"11/26/24, 03:55",115
Baby,"11/26/24, 03:16",37
Baby,"11/25/24, 23:43",152
Baby,"11/25/24, 23:24",7
Baby,"11/25/24, 19:05",213
Baby,"11/25/24, 16:29",30
Baby,"11/25/24, 13:57",50
Baby,"11/25/24, 13:30",7
Baby,"11/25/24, 09:53",106
Baby,"11/25/24, 07:57",11
Baby,"11/25/24, 04:29",37
Baby,"11/25/24, 02:14",105
Baby,"11/24/24, 20:20",309
Baby,"11/24/24, 18:42",31
Baby,"11/24/24, 16:35",13
Baby,"11/24/24, 16:18",5
Baby,"11/24/24, 13:45",29
Baby,"11/24/24, 11:33",36,
Baby,"11/24/24, 09:07",34
Baby,"11/24/24, 08:44",18
Baby,"11/24/24, 06:41",11
Baby,"11/24/24, 05:07",74
Baby,"11/24/24, 03:50",60
Baby,"11/24/24, 01:07",145
Baby,"11/23/24, 20:05",272
Baby,"11/23/24, 18:08",37
Baby,"11/23/24, 15:54",24
Baby,"11/23/24, 12:56",56
Baby,"11/23/24, 10:59",20
Baby,"11/23/24, 09:31",18
Baby,"11/23/24, 08:30",9
Baby,"11/23/24, 08:06",18
Baby,"11/23/24, 04:29",90
Baby,"11/23/24, 04:08",7
Baby,"11/22/24, 21:50",358
Baby,"11/22/24, 19:31",85
Baby,"11/22/24, 17:32",22
Baby,"11/22/24, 15:04",24
Baby,"11/22/24, 12:37",24
Baby,"11/22/24, 10:01",69
Baby,"11/22/24, 05:39",133
Baby,"11/22/24, 03:14",69
Baby,"11/21/24, 23:54",172
Baby,"11/21/24, 18:43",280
Baby,"11/21/24, 17:57",30
Baby,"11/21/24, 16:06",11
Baby,"11/21/24, 13:52",15
Baby,"11/21/24, 12:00",25
Baby,"11/21/24, 06:53",81
Baby,"11/21/24, 04:12",77
Baby,"11/21/24, 01:14",148
Baby,"11/21/24, 00:55",7
Baby,"11/20/24, 20:34",194
Baby,"11/20/24, 17:02",125
Baby,"11/20/24, 15:35",17
Baby,"11/20/24, 13:10",28
Baby,"11/20/24, 11:10",27
Baby,"11/20/24, 08:54",23
Baby,"11/20/24, 05:08",113
Baby,"11/20/24, 01:30",157
Baby,"11/19/24, 21:51",171
Baby,"11/19/24, 20:30",70
Baby,"11/19/24, 17:22",29
Baby,"11/19/24, 14:50",19
Baby,"11/19/24, 11:29",37
Baby,"11/19/24, 09:05",31
Baby,"11/19/24, 06:11",65
Baby,"11/19/24, 03:49",124
Baby,"11/18/24, 22:16",296
Baby,"11/18/24, 19:37",125
Baby,"11/18/24, 17:00",37
Baby,"11/18/24, 14:40",24
Baby,"11/18/24, 13:14",9
Baby,"11/18/24, 11:19",19
Baby,"11/18/24, 09:00",32
Baby,"11/18/24, 06:20",24
Baby,"11/18/24, 03:00",52
Baby,"11/18/24, 02:29",15
Baby,"11/17/24, 20:57",304
Baby,"11/17/24, 17:30",186
Baby,"11/17/24, 14:25",22
Baby,"11/17/24, 11:26",62
Baby,"11/17/24, 10:34",37
Baby,"11/17/24, 05:57",41
Baby,"11/17/24, 03:17",150
Baby,"11/16/24, 20:39",344
Baby,"11/16/24, 19:26",8
Baby,"11/16/24, 18:31",30
Baby,"11/16/24, 15:54",36
Baby,"11/16/24, 13:29",32
Baby,"11/16/24, 12:20",6
Baby,"11/16/24, 11:41",29
Baby,"11/16/24, 09:21",27
Baby,"11/16/24, 04:56",134
Baby,"11/15/24, 20:17",468
Baby,"11/15/24, 19:09",51
Baby,"11/15/24, 18:44",14
Baby,"11/15/24, 16:07",19
Baby,"11/15/24, 13:57",37
Baby,"11/15/24, 10:31",50
Baby,"11/15/24, 07:30",44
Baby,"11/15/24, 04:27",100
Baby,"11/14/24, 23:38",243
Baby,"11/14/24, 19:14",241
Baby,"11/14/24, 16:57",25
Baby,"11/14/24, 13:43",3
Baby,"11/14/24, 10:33",20
Baby,"11/14/24, 07:24",61
Baby,"11/14/24, 05:10",108
Baby,"11/14/24, 03:38",50
Baby,"11/14/24, 00:15",174
Baby,"11/13/24, 23:10",30
Baby,"11/13/24, 19:58",173
Baby,"11/13/24, 18:32",41
Baby,"11/13/24, 15:51",22
Baby,"11/13/24, 13:47",3
Baby,"11/13/24, 09:03",57
Baby,"11/13/24, 05:45",81
Baby,"11/13/24, 04:20",68
Baby,"11/13/24, 01:30",153
Baby,"11/12/24, 20:16",287
Baby,"11/12/24, 16:01",60
Baby,"11/12/24, 14:05",6
Baby,"11/12/24, 10:04",125
Baby,"11/12/24, 08:14",12
Baby,"11/12/24, 03:17",165
Baby,"11/11/24, 23:39",174
Baby,"11/11/24, 19:34",190
Baby,"11/11/24, 11:41",67
Baby,"11/11/24, 10:35",16
Baby,"11/11/24, 09:44",31
Baby,"11/11/24, 07:40",22
Baby,"11/11/24, 05:48",16
Baby,"11/11/24, 04:30",63
Baby,"11/11/24, 01:57",129
Baby,"11/10/24, 20:24",317
Baby,"11/10/24, 20:06",12
Baby,"11/10/24, 18:14",42
Baby,"11/10/24, 12:25",14
Baby,"11/10/24, 10:34",5
Baby,"11/10/24, 09:58",27
Baby,"11/10/24, 07:56",7
Baby,"11/10/24, 03:29",129
Baby,"11/10/24, 00:30",144
Baby,"11/9/24, 19:41",238,
Baby,"11/9/24, 19:05",7
Baby,"11/9/24, 13:47",4
Baby,"11/9/24, 11:34",39
Baby,"11/9/24, 09:50",18,
Baby,"11/9/24, 09:35",11,
Baby,"11/9/24, 06:19",26
Baby,"11/9/24, 03:46",113
Baby,"11/9/24, 03:07",3
Baby,"11/9/24, 01:58",46
Baby,"11/9/24, 01:42",7
Baby,"11/9/24, 01:25",9
Baby,"11/8/24, 22:03",169
Baby,"11/8/24, 18:17",173
Baby,"11/8/24, 17:25",28
Baby,"11/8/24, 10:28",9
Baby,"11/8/24, 05:44",96
Baby,"11/8/24, 02:26",142
Baby,"11/7/24, 20:06",327
Baby,"11/7/24, 15:08",86
Baby,"11/7/24, 10:53",47
Baby,"11/7/24, 07:40",63
Baby,"11/7/24, 04:07",121
Baby,"11/6/24, 22:45",268
Baby,"11/6/24, 20:51",68
Baby,"11/6/24, 19:03",83
Baby,"11/6/24, 16:25",8
Baby,"11/6/24, 14:09",40
Baby,"11/6/24, 11:26",52
Baby,"11/6/24, 10:52",7
Baby,"11/6/24, 03:57",281
Baby,"11/5/24, 19:36",433
Baby,"11/5/24, 18:59",15
Baby,"11/5/24, 16:44",3
Baby,"11/5/24, 15:23",5
Baby,"11/5/24, 11:52",26
Baby,"11/5/24, 10:35",31
Baby,"11/5/24, 08:05",16
Baby,"11/5/24, 06:18",22
Baby,"11/5/24, 02:45",177
Baby,"11/5/24, 00:26",109
Baby,"11/4/24, 20:37",214
Baby,"11/4/24, 19:44",22
Baby,"11/4/24, 18:55",20
Baby,"11/4/24, 11:48",21
Baby,"11/4/24, 08:47",22
Baby,"11/4/24, 02:23",227
Baby,"11/3/24, 21:11",279
Baby,"11/3/24, 20:41",19
Baby,"11/3/24, 18:26",19
Baby,"11/3/24, 14:28",18
Baby,"11/3/24, 12:44",16
Baby,"11/3/24, 10:40",15
Baby,"11/3/24, 08:35",49
Baby,"11/3/24, 03:47",196
Baby,"11/2/24, 21:16",423
Baby,"11/2/24, 20:43",19
Baby,"11/2/24, 19:23",43
Baby,"11/2/24, 16:43",24
Baby,"11/2/24, 11:32",43
Baby,"11/2/24, 10:07",14
Baby,"11/2/24, 06:45",83
Baby,"11/2/24, 03:37",162
Baby,"11/1/24, 21:30",332
Baby,"11/1/24, 19:22",36
Baby,"11/1/24, 17:43",15
Baby,"11/1/24, 15:10",45
Baby,"11/1/24, 11:51",95
Baby,"11/1/24, 09:45",32
Baby,"11/1/24, 05:15",147
Baby,"10/31/24, 20:44",474
Baby,"10/31/24, 19:21",8
Baby,"10/31/24, 16:34",19
Baby,"10/31/24, 13:40",37
Baby,"10/31/24, 11:19",24
Baby,"10/31/24, 11:00",11
Baby,"10/31/24, 09:39",9
Baby,"10/31/24, 06:41",12
Baby,"10/31/24, 04:11",132
Baby,"10/30/24, 21:12",379
Baby,"10/30/24, 16:32",55
Baby,"10/30/24, 15:07",14
Baby,"10/30/24, 13:31",23
Baby,"10/30/24, 11:18",30
Baby,"10/29/24, 21:11",653
Baby,"10/29/24, 16:00",8
Baby,"10/29/24, 11:56",25
Baby,"10/29/24, 10:35",10
Baby,"10/29/24, 08:00",30
Baby,"10/29/24, 05:34",52
Baby,"10/29/24, 04:10",63
Baby,"10/29/24, 03:06",62
Baby,"10/28/24, 21:27",307
Baby,"10/28/24, 19:51",42
Baby,"10/28/24, 15:19",109
Baby,"10/28/24, 14:29",9
Baby,"10/28/24, 11:59",21
Baby,"10/28/24, 09:42",17
Baby,"10/28/24, 09:17",15
Baby,"10/28/24, 05:59",66
Baby,"10/28/24, 02:14",213
Baby,"10/27/24, 21:12",273
Baby,"10/27/24, 20:54",9
Baby,"10/27/24, 19:30",38
Baby,"10/27/24, 13:20",27
Baby,"10/27/24, 11:30",28
Baby,"10/27/24, 10:30",21
Baby,"10/27/24, 05:33",173
Baby,"10/26/24, 20:51",474
Baby,"10/26/24, 17:01",23
Baby,"10/26/24, 15:06",7
Baby,"10/26/24, 11:47",61
Baby,"10/26/24, 10:25",25
Baby,"10/26/24, 04:55",186
Baby,"10/25/24, 21:03",452
Baby,"10/25/24, 20:47",18
Baby,"10/25/24, 19:56",31
Baby,"10/25/24, 15:47",24
Baby,"10/25/24, 11:53",29
Baby,"10/25/24, 08:05",130
Baby,"10/25/24, 05:13",74
Baby,"10/25/24, 04:44",13
Baby,"10/25/24, 03:43",44
Baby,"10/25/24, 02:18",44
Baby,"10/25/24, 01:04",60
Baby,"10/24/24, 20:56",231
Baby,"10/24/24, 18:56",36
Baby,"10/24/24, 14:45",136
Baby,"10/24/24, 07:47",39
Baby,"10/24/24, 05:55",42
Baby,"10/23/24, 20:47",499
Baby,"10/23/24, 18:10",41
Baby,"10/23/24, 11:24",116
Baby,"10/23/24, 06:03",76
Baby,"10/23/24, 02:02",205
Baby,"10/22/24, 21:30",206
Baby,"10/22/24, 15:20",124
Baby,"10/22/24, 12:54",28
Baby,"10/22/24, 10:25",70
Baby,"10/22/24, 05:20",175
Baby,"10/22/24, 02:30",149
Baby,"10/21/24, 20:05",351
Baby,"10/21/24, 15:40",68
Baby,"10/21/24, 13:17",40
Baby,"10/21/24, 11:32",26
Baby,"10/21/24, 08:12",112
Baby,"10/21/24, 04:59",162
Baby,"10/21/24, 02:09",133
Baby,"10/20/24, 20:18",307
Baby,"10/20/24, 19:09",4
Baby,"10/20/24, 13:54",28
Baby,"10/20/24, 11:10",86
Baby,"10/20/24, 03:48",171
Baby,"10/19/24, 22:12",292
Baby,"10/19/24, 20:29",4
Baby,"10/19/24, 10:44",98
Baby,"10/19/24, 04:47",113
Baby,"10/18/24, 22:09",347
Baby,"10/18/24, 20:03",56
Baby,"10/18/24, 16:15",42
Baby,"10/18/24, 10:57",31
Baby,"10/18/24, 08:31",28
Baby,"10/18/24, 03:26",167
Baby,"10/17/24, 21:57",282
Baby,"10/17/24, 16:59",38
Baby,"10/17/24, 11:30",67
Baby,"10/17/24, 07:07",141
Baby,"10/17/24, 03:04",182
Baby,"10/16/24, 20:19",370
Baby,"10/16/24, 16:22",32
Baby,"10/16/24, 09:48",159
Baby,"10/16/24, 06:19",108
Baby,"10/16/24, 02:48",159
Baby,"10/15/24, 21:10",282
Baby,"10/15/24, 19:44",6
Baby,"10/15/24, 12:34",43
Baby,"10/15/24, 10:24",35
Baby,"10/15/24, 06:07",167
Baby,"10/15/24, 04:26",31
Baby,"10/15/24, 00:20",175
Baby,"10/14/24, 19:44",205
Baby,"10/14/24, 15:13",39
Baby,"10/14/24, 13:23",13
Baby,"10/14/24, 11:38",27
Baby,"10/14/24, 06:52",66
Baby,"10/14/24, 04:36",73
Baby,"10/14/24, 01:54",146
Baby,"10/13/24, 19:51",327
Baby,"10/13/24, 16:43",29
Baby,"10/13/24, 14:44",42
Baby,"10/13/24, 11:01",104
Baby,"10/13/24, 05:20",151
Baby,"10/13/24, 01:33",196
Baby,"10/12/24, 20:02",266
Baby,"10/12/24, 11:57",39
Baby,"10/12/24, 07:33",11
Baby,"10/12/24, 04:30",132
Baby,"10/12/24, 00:50",188
Baby,"10/11/24, 20:08",246
Baby,"10/11/24, 15:45",15
Baby,"10/11/24, 13:05",37
Baby,"10/11/24, 07:30",116
Baby,"10/11/24, 05:37",51
Baby,"10/11/24, 01:59",156
Baby,"10/10/24, 20:45",241
Baby,"10/10/24, 19:30",30
Baby,"10/10/24, 14:35",90
Baby,"10/10/24, 13:37",47
Baby,"10/10/24, 11:45",48
Baby,"10/10/24, 10:56",17
Baby,"10/10/24, 08:21",82
Baby,"10/10/24, 06:48",57
Baby,"10/10/24, 03:24",149
Baby,"10/9/24, 20:05",371
Baby,"10/9/24, 11:30",107
Baby,"10/9/24, 06:14",16
Baby,"10/9/24, 03:14",167
Baby,"10/9/24, 01:22",98
Baby,"10/8/24, 19:38",306
Baby,"10/8/24, 18:10",10
Baby,"10/8/24, 15:45",15
Baby,"10/8/24, 10:36",27
Baby,"10/8/24, 08:57",53
Baby,"10/8/24, 07:55",45
Baby,"10/8/24, 05:09",74
Baby,"10/8/24, 02:37",138
Baby,"10/7/24, 20:13",333
Baby,"10/7/24, 15:49",28
Baby,"10/7/24, 12:21",73
Baby,"10/7/24, 10:28",41
Baby,"10/7/24, 04:51",214
Baby,"10/7/24, 02:33",133
Baby,"10/6/24, 20:14",353
Baby,"10/6/24, 18:45",16
Baby,"10/6/24, 17:01",10
Baby,"10/6/24, 12:35",21
Baby,"10/6/24, 07:45",47
Baby,"10/6/24, 02:02",296
Baby,"10/5/24, 19:52",349
Baby,"10/5/24, 15:00",28
Baby,"10/5/24, 12:30",35
Baby,"10/5/24, 05:18",165
Baby,"10/5/24, 00:24",265
Baby,"10/4/24, 20:00",227
Baby,"10/4/24, 13:45",37
Baby,"10/4/24, 09:34",26
Baby,"10/4/24, 06:26",95
Baby,"10/4/24, 04:20",115
Baby,"10/3/24, 21:55",345
Baby,"10/3/24, 21:26",22
Baby,"10/3/24, 15:16",31
Baby,"10/3/24, 13:13",24
Baby,"10/3/24, 10:38",65
Baby,"10/3/24, 09:30",23
Baby,"10/3/24, 05:21",140
Baby,"10/3/24, 00:43",176
Baby,"10/2/24, 21:19",179
Baby,"10/2/24, 08:20",125
Baby,"10/2/24, 06:08",81
Baby,"10/2/24, 02:15",186
Baby,"10/1/24, 21:13",283
Baby,"10/1/24, 19:45",27
Baby,"10/1/24, 09:47",166
Baby,"10/1/24, 05:13",176
Baby,"10/1/24, 02:00",165
Baby,"9/30/24, 21:23",202
Baby,"9/30/24, 18:15",60
Baby,"9/30/24, 11:02",225
Baby,"9/30/24, 03:27",58
Baby,"9/29/24, 21:20",298
Baby,"9/29/24, 15:38",42
Baby,"9/29/24, 08:00",130
Baby,"9/28/24, 19:48",49
Baby,"9/28/24, 13:10",124
Baby,"9/28/24, 08:20",225
Baby,"9/28/24, 03:34",181
Baby,"9/27/24, 21:52",291
Baby,"9/27/24, 09:22",82
Baby,"9/27/24, 04:35",148
Baby,"9/26/24, 22:35",288
Baby,"9/26/24, 21:38",45
Baby,"9/26/24, 12:15",125
Baby,"9/26/24, 06:03",126
Baby,"9/26/24, 02:24",182
Baby,"9/25/24, 22:04",240
Baby,"9/25/24, 11:42",129
Baby,"9/25/24, 06:34",163
Baby,"9/25/24, 02:20",193
Baby,"9/24/24, 21:25",258
Baby,"9/24/24, 07:55",75
Baby,"9/24/24, 03:47",163
Baby,"9/24/24, 01:15",137
Baby,"9/23/24, 21:10",222
Baby,"9/23/24, 17:37",175
Baby,"9/23/24, 13:35",42
Baby,"9/23/24, 11:03",22
Baby,"9/23/24, 08:55",16
Baby,"9/23/24, 03:34",179
Baby,"9/22/24, 21:57",303
Baby,"9/22/24, 12:20",26
Baby,"9/22/24, 08:25",152
Baby,"9/22/24, 06:08",65
Baby,"9/22/24, 02:28",168
Baby,"9/21/24, 21:03",280
Baby,"9/21/24, 12:42",128
Baby,"9/21/24, 11:01",10
Baby,"9/21/24, 07:41",125
Baby,"9/21/24, 06:00",59
Baby,"9/21/24, 02:17",183
Baby,"9/20/24, 21:12",261
Baby,"9/20/24, 15:45",6
Baby,"9/20/24, 12:40",114
Baby,"9/20/24, 10:55",43
Baby,"9/20/24, 09:38",29
Baby,"9/20/24, 09:16",18
Baby,"9/20/24, 01:59",307
Baby,"9/19/24, 20:57",247
Baby,"9/19/24, 16:24",35
Baby,"9/19/24, 12:38",38
Baby,"9/19/24, 10:21",64
Baby,"9/19/24, 02:15",283,
Baby,"9/18/24, 20:44",291
Baby,"9/18/24, 16:00",25
Baby,"9/18/24, 12:04",32
Baby,"9/18/24, 10:16",36
Baby,"9/18/24, 05:54",164
Baby,"9/18/24, 01:53",213
Baby,"9/17/24, 21:52",200
Baby,"9/17/24, 20:40",7
Baby,"9/17/24, 18:59",19
Baby,"9/17/24, 16:20",18
Baby,"9/17/24, 13:45",45
Baby,"9/17/24, 12:15",69
Baby,"9/17/24, 11:38",8
Baby,"9/17/24, 09:29",58
Baby,"9/17/24, 05:30",132
Baby,"9/17/24, 04:23",56
Baby,"9/17/24, 02:04",119
Baby,"9/16/24, 21:19",248
Baby,"9/16/24, 15:56",32
Baby,"9/16/24, 14:48",7
Baby,"9/16/24, 11:19",115
Baby,"9/16/24, 10:25",14
Baby,"9/16/24, 10:05",11
Baby,"9/16/24, 09:20",9
Baby,"9/16/24, 05:34",126
Baby,"9/16/24, 01:58",186
Baby,"9/15/24, 20:48",267
Baby,"9/15/24, 19:40",36
Baby,"9/15/24, 19:13",10
Baby,"9/15/24, 17:03",15
Baby,"9/15/24, 12:33",143
Baby,"9/15/24, 10:49",42
Baby,"9/15/24, 04:23",243
Baby,"9/15/24, 00:54",156
Baby,"9/14/24, 19:40",277
Baby,"9/14/24, 13:55",45
Baby,"9/14/24, 13:27",7
Baby,"9/14/24, 12:30",30
Baby,"9/14/24, 10:00",34
Baby,"9/14/24, 04:32",163,
Baby,"9/14/24, 00:48",184
Baby,"9/13/24, 20:30",215
Baby,"9/13/24, 13:50",82
Baby,"9/13/24, 07:00",205
Baby,"9/13/24, 04:07",91
Baby,"9/12/24, 23:57",204
Baby,"9/12/24, 18:50",133
Baby,"9/12/24, 13:32",127
Baby,"9/12/24, 06:25",124
Baby,"9/12/24, 03:20",131
Baby,"9/11/24, 21:37",256
Baby,"9/11/24, 05:19",180
Baby,"9/11/24, 02:18",137
Baby,"9/10/24, 21:53",206
Baby,"9/10/24, 09:32",73
Baby,"9/10/24, 06:02",118
Baby,"9/10/24, 02:42",164
Baby,"9/9/24, 20:37",333
Baby,"9/9/24, 18:06",23
Baby,"9/9/24, 09:10",125
Baby,"9/9/24, 06:07",115
Baby,"9/9/24, 03:00",150
Baby,"9/8/24, 21:05",309
Baby,"9/8/24, 03:10",134
Baby,"9/8/24, 00:30",122
Baby,"9/7/24, 20:40",180
Baby,"9/6/24, 23:10",290
Baby,"9/6/24, 03:45",214
Baby,"9/5/24, 23:40",200
Baby,"9/5/24, 03:20",204
Baby,"9/4/24, 22:05",260
Baby,"9/4/24, 13:01",42
Baby,"9/4/24, 10:22",51
Baby,"9/4/24, 06:17",146
Baby,"9/4/24, 02:39",164
Baby,"9/3/24, 21:59",231
Baby,"9/3/24, 17:40",64
Baby,"9/3/24, 16:41",5
Baby,"9/3/24, 14:12",70
Baby,"9/3/24, 11:50",30
Baby,"9/3/24, 10:15",53
Baby,"9/3/24, 05:18",112
Baby,"9/3/24, 01:07",184
Baby,"9/2/24, 20:20",234
Baby,"9/2/24, 15:46",105
Baby,"9/2/24, 13:04",125
Baby,"9/2/24, 10:03",131
Baby,"9/2/24, 04:56",119
Baby,"9/2/24, 01:19",168
Baby,"9/1/24, 21:00",204
Baby,"9/1/24, 15:34",109
Baby,"9/1/24, 15:13",12
Baby,"9/1/24, 13:00",49
Baby,"9/1/24, 11:20",39
Baby,"9/1/24, 08:44",115
Baby,"9/1/24, 05:23",142
Baby,"9/1/24, 00:42",211
Baby,"8/31/24, 21:09",168
Baby,"8/31/24, 14:13",137
Baby,"8/31/24, 05:42",151
Baby,"8/31/24, 01:13",197
Baby,"8/30/24, 21:00",217
Baby,"8/30/24, 14:00",180
Baby,"8/30/24, 06:23",158
Baby,"8/30/24, 04:25",131
Baby,"8/29/24, 21:20",380
Baby,"8/29/24, 14:00",174
Baby,"8/29/24, 04:16",182
Baby,"8/29/24, 01:01",152
Baby,"8/28/24, 17:50",382
Baby,"8/28/24, 12:40",80
Baby,"8/28/24, 06:12",172
Baby,"8/28/24, 02:45",165
Baby,"8/28/24, 00:55",59
Baby,"8/28/24, 00:28",15
Baby,"8/27/24, 18:17",42
Baby,"8/27/24, 13:53",60
Baby,"8/27/24, 04:13",146
Baby,"8/26/24, 23:00",279
Baby,"8/26/24, 21:33",29
Baby,"8/26/24, 13:53",102
Baby,"8/26/24, 11:45",95
Baby,"8/26/24, 03:58",156
Baby,"8/26/24, 01:47",93
Baby,"8/25/24, 22:40",164
Baby,"8/25/24, 21:15",50
Baby,"8/25/24, 12:55",156
Baby,"8/25/24, 06:47",139
Baby,"8/25/24, 03:35",140
